date,actual,"Price model (IV), trained 1993-2019","Income-only model, trained 1993-2019",Average growth 1993-2019
2022-07-01,1.3410999999999618,0.37710398528160227,-0.9355615478713297,2.2778049382716046
2022-08-01,3.2745000000000246,0.20199155710282463,-0.5867842469482688,2.2778049382716046
2022-09-01,2.6069999999998927,0.46545922859094585,0.0814343809064976,2.2778049382716046
2022-10-01,3.2043999999999073,0.18500969303314757,0.20565898075540537,2.2778049382716046
2022-11-01,1.2264999999999304,0.005822152603197038,0.4282125584037737,2.2778049382716046
2022-12-01,1.9225000000000492,0.07795288796862421,0.8738776086101718,2.2778049382716046
2023-01-01,9.96220000000001,1.9445545440294136,2.928976490242007,2.2778049382716046
2023-02-01,2.2653000000000034,1.7585146641346552,3.2058318390818794,2.2778049382716046
2023-03-01,-1.0088999999998904,1.156056047368553,3.697895149261738,2.2778049382716046
2023-04-01,-4.43750000000005,1.4407677295743058,3.834858349544215,2.2778049382716046
2023-05-01,-4.380199999999945,1.2520266369425346,4.081587373271035,2.2778049382716046
2023-06-01,-3.7537999999999627,1.0976333185693374,4.311254111015586,2.2778049382716046
2023-07-01,-2.0951999999999416,1.2711020568878857,3.914776795330295,2.2778049382716046
2023-08-01,-3.776000000000046,1.8058959354690935,3.730950422649626,2.2778049382716046
2023-09-01,-2.2765999999998954,2.079335831839765,3.610073192257779,2.2778049382716046
2023-10-01,-2.4958999999999065,2.233149771149979,3.6529846090469076,2.2778049382716046
2023-11-01,-0.2977999999998815,2.328483891175005,3.8020355323686106,2.2778049382716046
2023-12-01,1.0626999999999498,2.4439415524444374,3.7503372707548936,2.2778049382716046
2024-01-01,-5.080500000000043,1.7862361299958127,3.096112506880043,2.2778049382716046
2024-02-01,-0.8714999999998696,2.0212171968878327,2.8475703246972977,2.2778049382716046
2024-03-01,-0.9896000000001237,2.347913718397845,2.65295798376642,2.2778049382716046
2024-04-01,-0.40309999999994517,2.247075372310635,2.62464481710921,2.2778049382716046
2024-05-01,-0.8658000000000499,2.2625634276790376,2.6358027152992203,2.2778049382716046
2024-06-01,-1.4364000000000487,2.0598240106052303,2.655236054646912,2.2778049382716046
2024-07-01,-1.410000000000089,1.8727830531829086,2.5066035525072685,2.2778049382716046
2024-08-01,-1.1897999999998632,1.585692431666202,2.3966517640931486,2.2778049382716046
2024-09-01,-0.5499999999999616,1.4782797008730575,2.3669438601622392,2.2778049382716046
2024-10-01,0.4989999999999384,1.6232527497997695,2.2908376962577868,2.2778049382716046
2024-11-01,-0.18620000000009185,1.737913680441887,2.1607087086167023,2.2778049382716046
2024-12-01,-0.4176999999998543,1.7384802486402413,2.0116112940524924,2.2778049382716046
2025-01-01,0.539799999999957,1.7684718084262256,1.7523296348619624,2.2778049382716046
2025-02-01,-1.2979000000001406,1.4013197478464694,1.7533524421960254,2.2778049382716046
2025-03-01,2.322800000000136,1.259442764891573,2.0038007653195433,2.2778049382716046
2025-04-01,2.721499999999999,1.295005446500994,2.178189415781115,2.2778049382716046
2025-05-01,2.076400000000156,0.9136183928445781,1.6837085609933289,2.2778049382716046
2025-06-01,2.678799999999981,1.0726696735165657,1.5979787099000018,2.2778049382716046
2025-07-01,1.7865999999999715,1.2080362517868322,1.7593498124732148,2.2778049382716046
2025-08-01,2.36269999999994,1.4093800209241987,1.8289007111910636,2.2778049382716046
2025-09-01,1.5618999999999161,1.6453185669681913,1.8501937002369389,2.2778049382716046
2025-10-01,0.44509999999995387,1.3742619668656135,1.6867304917531765,2.2778049382716046
2025-11-01,0.9173000000000542,1.263426355709052,1.6650655727675823,2.2778049382716046
2025-12-01,0.044999999999895124,0.9320036774088252,1.6612067996435311,2.2778049382716046
2026-01-01,-0.5948000000000064,1.0914661522736653,1.9726051416299215,2.2778049382716046
2026-02-01,1.3589000000001406,1.0975514121399064,1.8721375666773226,2.2778049382716046
2026-03-01,-1.3652000000000442,1.5652357926795535,1.616575206883325,2.2778049382716046
2026-04-01,-0.865199999999966,1.6761297554747792,1.1388776906231846,2.2778049382716046
2026-05-01,0.6693999999999534,2.383684827641673,1.5967699375961617,2.2778049382716046
2026-06-01,0.8872000000000213,2.119488623206388,1.7205296250204207,2.2778049382716046
2026-07-01,1.5260000000001384,1.9754214957674159,1.7214594498695537,2.2778049382716046
2026-08-01,1.9218999999999653,1.9416795952273542,1.633265562925958,2.2778049382716046
