window_end,elasticity,lo,hi,F
2002-12-01,-0.059520347770390364,-0.881758094863542,0.7627173993227612,42.01591429753734
2003-06-01,-0.1431398263385773,-1.0169108515158811,0.7306311988387266,41.530977595960785
2003-12-01,-0.11606905303056109,-0.9590952956026209,0.7269571895414988,37.946272131779374
2004-06-01,-0.17031485342843017,-1.0219928315080782,0.681363124651218,30.31662893602845
2004-12-01,-0.3843929909463353,-1.3953848751660545,0.6265988932733839,15.213870859871331
2005-06-01,-0.5130213809220183,-1.6959353526169751,0.6698925907729385,16.946358545418367
2005-12-01,-0.7194293104808411,-1.8827653273995526,0.44390670643787034,17.961411747118266
2006-06-01,-1.1473767756261941,-2.2303057642497177,-0.06444778700267051,19.639298872874182
2006-12-01,-1.1669130961558056,-2.1037341670384535,-0.23009202527315786,24.462198955954133
2007-06-01,-1.3585068862207548,-2.249390350459724,-0.46762342198178575,31.827478935894923
2007-12-01,-1.6615407908209625,-2.627049027115559,-0.6960325545263661,27.068293374970562
2008-06-01,-1.1315313062983752,-2.4137206735856567,0.15065806098890633,22.104536176402803
2008-12-01,-0.7991918335204427,-2.1803703266239554,0.5819866595830698,15.327067316067266
2009-06-01,-0.8360887201082596,-1.7819620095634792,0.1097845693469599,17.58897704205355
2009-12-01,-0.9368013894953132,-1.6407981851903002,-0.23280459380032636,19.753785578157103
2010-06-01,-0.9094849252673186,-1.5965847101551236,-0.22238514037951373,19.67834693905347
2010-12-01,-0.900265829278283,-1.5095836040773598,-0.29094805447920624,20.84155012728026
2011-06-01,-0.9139138492814446,-1.3954176963601512,-0.43241000220273795,27.921903852433076
2011-12-01,-1.0158899169102367,-1.4018745566425919,-0.6299052771778815,31.091888771178002
2012-06-01,-1.0101154950576876,-1.4019648169745778,-0.6182661731407975,29.890989232473846
2012-12-01,-0.9989082411735938,-1.404552853762053,-0.5932636285851345,23.715650490076
2013-06-01,-1.1353905868385383,-1.6006500543998783,-0.6701311192771983,22.998008346810412
2013-12-01,-1.0354517740967593,-1.5620379957306163,-0.5088655524629023,20.446186647074207
2014-06-01,-1.0110250859536105,-1.564504119564703,-0.4575460523425181,22.396927952079032
2014-12-01,-0.9484511564828132,-1.5284306379357053,-0.36847167502992106,23.705008993048132
2015-06-01,-0.592351664181848,-1.3536321704341068,0.1689288420704107,33.13220167465214
2015-12-01,-0.4215549927925802,-1.1483678445263066,0.30525785894114627,39.00254984135641
2016-06-01,-0.34418059880573904,-1.016068614909872,0.3277074172983939,43.30708358365141
2016-12-01,-0.34020466658103454,-0.9896202123533929,0.30921087919132384,43.72460456229824
2017-06-01,-0.36826667886986886,-1.0106955944636127,0.27416223672387485,47.08014204536569
2017-12-01,-0.44221603700569373,-1.076995458727544,0.1925633847161567,60.400182532711234
2018-06-01,-0.5518248702069313,-1.1519080587719441,0.04825831835808159,70.85618148667447
2018-12-01,-0.6766079529173995,-1.3202425879805006,-0.032973317854298356,64.0566422809603
2019-06-01,-0.34465588112128476,-1.1289715774068252,0.4396598151642557,57.36042854402647
2019-12-01,0.2012718508708991,-0.2428188972040326,0.6453625989458308,62.38690778265833
