date,sales_nominal,cpi_menu,cpi_grocery,cpi_all,income_real,wage_nominal,ppi_food,cpi_interpolated,base_year,sales_real,p_menu,p_grocery,ppi_real,wage_real,ln_q,ln_p,ln_pg,ln_y,ln_w,ln_ppi,trend,covid
1992-01-01,16758.000000,139.800000,135.200000,138.300000,7474.800000,6.310000,121.300000,False,2025,45875.609372,85.101278,100.489861,103.226360,14.699893,10.733689,4.443842,4.610057,8.919293,2.687840,4.636924,0.000000,0
1992-02-01,16605.000000,140.000000,136.000000,138.600000,7507.200000,6.320000,121.700000,False,2025,45391.828299,85.038559,100.865678,103.342590,14.691321,10.723087,4.443105,4.613790,8.923618,2.687257,4.638050,0.083333,0
1992-03-01,16527.000000,140.100000,136.600000,139.100000,7513.800000,6.330000,121.800000,False,2025,45146.358220,84.793409,100.946509,103.055732,14.661675,10.717665,4.440218,4.614591,8.924497,2.685237,4.635270,0.166667,0
1992-04-01,16262.000000,140.200000,136.400000,139.400000,7535.000000,6.340000,122.000000,False,2025,44390.779831,84.671320,100.581783,103.002805,14.653234,10.700787,4.438777,4.610971,8.927314,2.684661,4.634756,0.250000,0
1992-05-01,16232.000000,140.400000,135.900000,139.700000,7570.200000,6.330000,122.500000,False,2025,44245.770021,84.610018,99.997878,103.202846,14.598704,10.697515,4.438053,4.605149,8.931975,2.680933,4.636696,0.333333,0
1992-06-01,15932.000000,140.600000,136.300000,140.100000,7601.600000,6.350000,123.000000,False,2025,43366.243944,84.488631,100.005861,103.328225,14.603017,10.677437,4.436617,4.605229,8.936114,2.681228,4.637911,0.416667,0
1992-07-01,16112.000000,140.700000,136.100000,140.500000,7595.900000,6.380000,122.400000,False,2025,43825.026482,84.308014,99.574821,102.531447,14.630237,10.687960,4.434477,4.600909,8.935364,2.683090,4.630170,0.500000,0
1992-08-01,16342.000000,140.900000,137.400000,140.800000,7622.600000,6.390000,122.100000,False,2025,44387.536709,84.247966,100.311751,102.062218,14.621947,10.700714,4.433764,4.608283,8.938873,2.682524,4.625583,0.583333,0
1992-09-01,16429.000000,141.200000,138.200000,141.100000,7586.900000,6.400000,122.100000,False,2025,44529.033030,84.247839,100.681288,101.845218,14.613692,10.703897,4.433763,4.611960,8.934178,2.681959,4.623454,0.666667,0
1992-10-01,16717.000000,141.300000,138.100000,141.700000,7537.900000,6.410000,121.800000,False,2025,45277.559716,83.950522,100.182430,101.164801,14.574551,10.720567,4.430228,4.606993,8.927699,2.679277,4.616751,0.750000,0
1992-11-01,16993.000000,141.500000,137.700000,142.100000,7549.300000,6.420000,121.600000,False,2025,45960.045395,83.832699,99.611068,100.714381,14.556198,10.735528,4.428823,4.601273,8.929210,2.678017,4.612289,0.833333,0
1992-12-01,17113.000000,141.600000,137.700000,142.300000,7818.600000,6.420000,122.400000,False,2025,46251.916020,83.774036,99.471066,101.234493,14.535739,10.741858,4.428123,4.599867,8.964261,2.676610,4.617440,0.916667,0
1993-01-01,17171.000000,142.000000,138.100000,142.800000,7648.100000,6.450000,122.700000,False,2025,46277.946029,83.716531,99.410717,101.127285,14.552530,10.742421,4.427436,4.599260,8.942213,2.677765,4.616380,1.000000,0
1993-02-01,17098.000000,142.200000,138.600000,143.100000,7684.500000,6.470000,122.700000,False,2025,46016.390280,83.658688,99.561477,100.915278,14.567051,10.736753,4.426745,4.600775,8.946961,2.678762,4.614281,1.083333,0
1993-03-01,17157.000000,142.400000,138.500000,143.300000,7660.800000,6.470000,122.900000,False,2025,46110.326074,83.659427,99.350788,100.938695,14.546720,10.738792,4.426754,4.598657,8.943872,2.677366,4.614513,1.166667,0
1993-04-01,17382.000000,142.700000,139.000000,143.800000,7700.600000,6.460000,123.700000,False,2025,46616.815643,83.544175,99.362760,101.242487,14.473736,10.749717,4.425376,4.598777,8.949054,2.672336,4.617519,1.250000,0
1993-05-01,17423.000000,142.900000,140.500000,144.200000,7689.400000,6.470000,124.200000,False,2025,46661.375750,83.429196,100.156421,101.369739,14.455930,10.750672,4.423998,4.606733,8.947598,2.671105,4.618775,1.333333,0
1993-06-01,17665.000000,143.200000,139.700000,144.300000,7675.100000,6.460000,124.000000,False,2025,47210.375554,83.546407,99.517122,101.136367,14.423584,10.762369,4.425402,4.600330,8.945737,2.668865,4.616470,1.416667,0
1993-07-01,17555.000000,143.400000,139.600000,144.500000,7694.300000,6.460000,124.300000,False,2025,46850.962121,83.547295,99.308244,101.240731,14.403621,10.754727,4.425413,4.598229,8.948235,2.667480,4.617501,1.500000,0
1993-08-01,17808.000000,143.600000,140.300000,144.800000,7705.400000,6.470000,124.300000,False,2025,47459.978649,83.490482,99.599428,101.030979,14.396029,10.767642,4.424733,4.601156,8.949677,2.666952,4.615427,1.583333,0
1993-09-01,18073.000000,143.800000,140.600000,145.000000,7684.400000,6.480000,124.300000,False,2025,48099.237749,83.491444,99.674726,100.891626,14.398392,10.781022,4.424744,4.601912,8.946948,2.667117,4.614047,1.666667,0
1993-10-01,17815.000000,144.000000,141.400000,145.600000,7646.900000,6.500000,124.500000,False,2025,47346.749206,83.263029,99.828781,100.637530,14.383315,10.765253,4.422005,4.603457,8.942056,2.666069,4.611525,1.750000,0
1993-11-01,17754.000000,144.200000,141.800000,146.000000,7668.100000,6.540000,124.800000,False,2025,47119.186794,83.150237,99.836905,100.603646,14.432179,10.760436,4.420649,4.603538,8.944824,2.669460,4.611189,1.833333,0
1993-12-01,17819.000000,144.300000,142.500000,146.300000,7929.400000,6.540000,125.400000,False,2025,47258.923875,83.037276,100.124019,100.880030,14.402584,10.763397,4.419290,4.606410,8.978333,2.667408,4.613932,1.916667,0
1994-01-01,17246.000000,144.500000,142.700000,146.300000,7780.400000,6.550000,126.000000,False,2025,45675.926569,83.152366,100.264543,101.362710,14.424607,10.729327,4.420675,4.607812,8.959363,2.668936,4.618705,2.000000,0
1994-02-01,18026.000000,144.600000,142.300000,146.700000,7795.000000,6.550000,126.200000,False,2025,47708.735420,82.983026,99.710873,101.246783,14.385276,10.772870,4.418636,4.602275,8.961238,2.666205,4.617561,2.083333,0
1994-03-01,18391.000000,144.800000,142.100000,147.100000,7820.500000,6.560000,126.800000,False,2025,48607.536834,82.871839,99.299975,101.451524,14.368061,10.791534,4.417295,4.598145,8.964504,2.665008,4.619581,2.166667,0
1994-04-01,18161.000000,145.100000,142.300000,147.200000,7820.400000,6.580000,126.600000,False,2025,47900.404117,82.987120,99.372181,101.222693,14.402076,10.776879,4.418685,4.598872,8.964491,2.667372,4.617323,2.250000,0
1994-05-01,18204.000000,145.300000,142.800000,147.500000,7910.600000,6.600000,126.100000,False,2025,47947.729212,82.932486,99.518523,100.617856,14.416469,10.777867,4.418027,4.600344,8.975959,2.668371,4.611330,2.333333,0
1994-06-01,18463.000000,145.500000,143.400000,147.900000,7898.100000,6.630000,125.400000,False,2025,48563.067111,82.822037,99.666386,99.788698,14.442832,10.790619,4.416694,4.601828,8.974378,2.670198,4.603055,2.416667,0
1994-07-01,18548.000000,145.600000,144.600000,148.400000,7905.000000,6.630000,124.900000,False,2025,48753.134557,82.599718,100.161801,99.055942,14.394170,10.794525,4.414006,4.606787,8.975251,2.666823,4.595685,2.500000,0
1994-08-01,18439.000000,145.900000,145.300000,149.000000,7914.400000,6.640000,125.200000,False,2025,48366.972499,82.436608,100.241390,98.894025,14.357830,10.786572,4.412030,4.607581,8.976439,2.664295,4.594049,2.583333,0
1994-09-01,18567.000000,146.200000,145.400000,149.300000,7949.000000,6.660000,125.000000,False,2025,48602.789546,82.440127,100.108818,98.537649,14.372139,10.791436,4.412072,4.606258,8.980801,2.665292,4.590439,2.666667,0
1994-10-01,18605.000000,146.400000,145.300000,149.400000,8024.400000,6.670000,124.500000,False,2025,48635.728906,82.497648,99.973006,98.077807,14.384085,10.792114,4.412770,4.604900,8.990242,2.666122,4.585761,2.750000,0
1994-11-01,18664.000000,146.800000,145.500000,149.800000,8023.900000,6.670000,124.700000,False,2025,48657.019394,82.502162,99.843297,97.973051,14.345676,10.792551,4.412825,4.603602,8.990180,2.663449,4.584692,2.833333,0
1994-12-01,18771.000000,147.100000,147.300000,150.100000,8060.200000,6.740000,124.300000,False,2025,48836.166799,82.505532,100.876450,97.463596,14.467257,10.796226,4.412865,4.613896,8.994694,2.671888,4.579479,2.916667,0
1995-01-01,18772.000000,147.400000,147.000000,150.500000,8086.000000,6.680000,125.200000,False,2025,48739.368002,82.454065,100.403434,97.908370,14.300360,10.794242,4.412241,4.609196,8.997889,2.660285,4.584032,3.000000,0
1995-02-01,18508.000000,147.600000,147.700000,150.900000,8102.000000,6.720000,125.900000,False,2025,47988.808242,82.347080,100.614133,98.194798,14.347857,10.778723,4.410943,4.611293,8.999866,2.663601,4.586953,3.083333,0
1995-03-01,18803.000000,148.100000,147.100000,151.200000,8124.200000,6.740000,126.200000,False,2025,48589.107172,82.462093,100.006589,98.233486,14.362006,10.791155,4.412339,4.605236,9.002603,2.664586,4.587347,3.166667,0
1995-04-01,18957.000000,148.300000,148.700000,151.800000,8064.000000,6.750000,125.600000,False,2025,48920.996007,82.247076,100.694774,97.380020,14.326464,10.797962,4.409728,4.612094,8.995165,2.662108,4.578621,3.250000,0
1995-05-01,19040.000000,148.600000,148.700000,152.100000,8145.600000,6.790000,125.000000,False,2025,49035.992059,82.250905,100.496165,96.723676,14.382936,10.800310,4.409774,4.610120,9.005233,2.666043,4.571858,3.333333,0
1995-06-01,19001.000000,148.800000,148.700000,152.400000,8169.800000,6.790000,125.300000,False,2025,48869.777099,82.199477,100.298338,96.764955,14.354624,10.796914,4.409149,4.608149,9.008200,2.664072,4.572285,3.416667,0
1995-07-01,19091.000000,149.100000,148.800000,152.600000,8187.800000,6.820000,126.700000,False,2025,49002.458056,82.257252,100.234247,97.717888,14.399150,10.799626,4.409852,4.607510,9.010401,2.667169,4.582085,3.500000,0
1995-08-01,19291.000000,149.400000,148.800000,152.900000,8193.000000,6.820000,127.500000,False,2025,49416.385349,82.261041,100.037581,98.141952,14.370897,10.808037,4.409898,4.605546,9.011035,2.665205,4.586415,3.583333,0
1995-09-01,19263.000000,149.600000,149.500000,153.100000,8219.400000,6.830000,127.800000,False,2025,49278.690940,82.263558,100.376890,98.244366,14.373168,10.805247,4.409928,4.608932,9.014252,2.665363,4.587458,3.666667,0
1995-10-01,19186.000000,150.000000,149.900000,153.500000,8228.400000,6.820000,128.900000,False,2025,48950.824645,82.268574,100.383189,98.831760,14.314725,10.798571,4.409989,4.608995,9.015347,2.661289,4.593419,3.750000,0
1995-11-01,19218.000000,150.200000,149.800000,153.700000,8250.500000,6.840000,130.000000,False,2025,48967.179313,82.271071,100.185687,99.545465,14.338022,10.798906,4.410020,4.607025,9.018029,2.662915,4.600614,3.833333,0
1995-12-01,19191.000000,150.400000,150.300000,153.900000,8261.300000,6.850000,130.200000,False,2025,48833.359266,82.273563,100.389454,99.569049,14.340324,10.796169,4.410050,4.609057,9.019337,2.663075,4.600851,3.916667,0
1996-01-01,19157.000000,150.600000,150.900000,154.700000,8272.100000,6.860000,130.000000,False,2025,48682.106128,81.956942,100.268994,98.901990,14.286992,10.793067,4.406194,4.607857,9.020644,2.659349,4.594129,4.000000,0
1996-02-01,19299.000000,150.900000,151.300000,155.000000,8335.800000,6.870000,130.300000,False,2025,48945.458119,81.961261,100.340200,98.938361,14.280126,10.798462,4.406247,4.608566,9.028315,2.658869,4.594497,4.083333,0
1996-03-01,19413.000000,151.200000,152.200000,155.500000,8362.400000,6.880000,130.300000,False,2025,49136.893326,81.860141,100.612512,98.620231,14.254929,10.802365,4.405012,4.611277,9.031501,2.657103,4.591276,4.166667,0
1996-04-01,19516.000000,151.600000,152.900000,156.100000,8311.800000,6.910000,130.900000,False,2025,49267.263394,81.761224,100.686748,98.693542,14.262056,10.805015,4.403803,4.612014,9.025431,2.657603,4.592020,4.250000,0
1996-05-01,19613.000000,152.000000,152.500000,156.400000,8416.800000,6.930000,132.700000,False,2025,49381.840433,81.819708,100.230715,99.858760,14.275900,10.807338,4.404518,4.607475,9.037985,2.658573,4.603757,4.333333,0
1996-06-01,19514.000000,152.300000,153.900000,156.700000,8467.100000,6.970000,134.000000,False,2025,49035.795901,81.824243,100.957214,100.643978,14.330812,10.800306,4.404574,4.614697,9.043943,2.662412,4.611589,4.416667,0
1996-07-01,19714.000000,152.800000,154.400000,157.000000,8444.000000,7.000000,134.800000,False,2025,49376.264337,81.936006,101.091671,101.051376,14.364992,10.807225,4.405939,4.616028,9.041211,2.664794,4.615629,4.500000,0
1996-08-01,19707.000000,153.100000,155.000000,157.200000,8464.700000,7.020000,136.100000,False,2025,49262.013319,81.992426,101.355400,101.896103,14.387707,10.804909,4.406627,4.618633,9.043660,2.666374,4.623954,4.583333,0
1996-09-01,19930.000000,153.500000,155.900000,157.700000,8483.900000,7.040000,136.000000,False,2025,49689.628559,81.946003,101.620694,101.498403,14.382950,10.813552,4.406061,4.621247,9.045926,2.666043,4.620043,4.666667,0
1996-10-01,20106.000000,154.200000,156.900000,158.200000,8482.700000,7.110000,136.000000,False,2025,49900.872125,82.059522,101.949288,101.177611,14.480052,10.817794,4.407445,4.624476,9.045784,2.672772,4.616878,4.750000,0
1996-11-01,20307.000000,154.700000,157.600000,158.700000,8505.100000,7.120000,134.700000,False,2025,50236.836872,82.066229,102.081495,99.894749,14.454733,10.824504,4.407527,4.625771,9.048421,2.671022,4.604117,4.833333,0
1996-12-01,20372.000000,155.000000,157.700000,159.100000,8533.100000,7.150000,134.200000,False,2025,50300.094474,82.018648,101.889457,99.273728,14.479143,10.825762,4.406947,4.623888,9.051708,2.672709,4.597881,4.916667,0
1997-01-01,20677.000000,155.300000,156.900000,159.400000,8556.400000,7.170000,133.400000,False,2025,50954.542131,82.022731,101.181790,98.496207,14.492318,10.838689,4.406996,4.616919,9.054435,2.673619,4.590018,5.000000,0
1997-02-01,20696.000000,155.600000,157.700000,159.700000,8579.200000,7.190000,132.900000,False,2025,50903.032346,82.026799,101.506654,97.942697,14.505442,10.837678,4.407046,4.620124,9.057096,2.674524,4.584383,5.083333,0
1997-03-01,20837.000000,156.000000,157.600000,159.800000,8619.000000,7.220000,134.500000,False,2025,51118.420339,82.186202,101.378806,99.059813,14.556851,10.841900,4.408987,4.618864,9.061724,2.678062,4.595724,5.166667,0
1997-04-01,20713.000000,156.200000,157.300000,159.900000,8624.500000,7.230000,134.500000,False,2025,50749.154023,82.240105,101.122545,98.997862,14.567896,10.834650,4.409643,4.616333,9.062362,2.678820,4.595098,5.250000,0
1997-05-01,20834.000000,156.300000,157.500000,159.900000,8661.900000,7.260000,135.400000,False,2025,51012.958738,82.292755,101.251118,99.660301,14.628344,10.839835,4.410283,4.617604,9.066689,2.682961,4.601767,5.333333,0
1997-06-01,20922.000000,156.600000,157.700000,160.200000,8689.700000,7.270000,134.300000,False,2025,51130.291825,82.296305,101.189841,98.665539,14.621061,10.842132,4.410326,4.616998,9.069894,2.682463,4.591736,5.416667,0
1997-07-01,21234.000000,157.100000,157.900000,160.400000,8723.100000,7.290000,133.900000,False,2025,51727.615536,82.456123,101.191842,98.249015,14.643004,10.853747,4.412266,4.617018,9.073730,2.683963,4.587505,5.500000,0
1997-08-01,21228.000000,157.400000,158.600000,160.800000,8768.600000,7.340000,134.300000,False,2025,51614.435556,82.408075,101.387607,98.297384,14.706760,10.851557,4.411683,4.618951,9.078932,2.688307,4.587997,5.583333,0
1997-09-01,21517.000000,157.800000,158.800000,161.200000,8791.500000,7.440000,134.100000,False,2025,52184.503092,82.412493,101.263561,97.907449,14.870135,10.862541,4.411737,4.617727,9.081541,2.699355,4.584023,5.666667,0
1997-10-01,21245.000000,158.200000,159.000000,161.500000,8834.800000,7.440000,133.500000,False,2025,51394.552351,82.467920,101.202754,97.288326,14.842512,10.847287,4.412409,4.617126,9.086454,2.697496,4.577679,5.750000,0
1997-11-01,20940.000000,158.600000,159.300000,161.700000,8892.200000,7.490000,133.700000,False,2025,50528.956069,82.574177,101.268293,97.313564,14.923779,10.830302,4.413697,4.617773,9.092930,2.702956,4.577938,5.833333,0
1997-12-01,21399.000000,159.000000,159.300000,161.800000,8944.300000,7.500000,133.100000,False,2025,51506.635960,82.731271,101.205704,96.816980,14.934468,10.849466,4.415598,4.617155,9.098772,2.703672,4.572822,5.916667,0
1998-01-01,21449.000000,159.200000,160.300000,162.000000,9022.900000,7.520000,131.300000,False,2025,51562.126171,82.733069,101.715290,95.389749,14.955806,10.850543,4.415619,4.622178,9.107521,2.705100,4.557971,6.000000,0
1998-02-01,21539.000000,159.600000,160.000000,162.000000,9081.200000,7.540000,131.700000,False,2025,51648.710214,82.940941,101.524931,95.680350,14.995582,10.852221,4.418129,4.620304,9.113962,2.707756,4.561013,6.083333,0
1998-03-01,21578.000000,159.900000,160.200000,162.000000,9134.400000,7.580000,130.900000,False,2025,51645.151581,83.096845,101.651837,95.099148,15.075134,10.852152,4.420007,4.621554,9.119803,2.713047,4.554920,6.166667,0
1998-04-01,21726.000000,160.200000,160.200000,162.200000,9164.100000,7.620000,130.800000,False,2025,51902.000183,83.150095,101.526496,94.909325,15.136000,10.857113,4.420647,4.620320,9.123049,2.717076,4.552922,6.250000,0
1998-05-01,21830.000000,160.600000,160.800000,162.600000,9202.000000,7.620000,131.500000,False,2025,52020.560375,83.152649,101.656051,95.182521,15.098765,10.859394,4.420678,4.621595,9.127176,2.714613,4.555796,6.333333,0
1998-06-01,21985.000000,160.700000,160.500000,162.800000,9254.200000,7.670000,131.500000,False,2025,52357.321963,83.102208,101.341743,95.065589,15.179168,10.865847,4.420071,4.618498,9.132833,2.719924,4.554567,6.416667,0
1998-07-01,21893.000000,161.100000,160.900000,163.200000,9270.000000,7.690000,131.900000,False,2025,52008.768224,83.104870,101.345302,95.121050,15.181448,10.859168,4.420103,4.618534,9.134539,2.720074,4.555150,6.500000,0
1998-08-01,22055.000000,161.500000,161.400000,163.400000,9299.300000,7.720000,132.600000,False,2025,52263.846165,83.209241,101.535804,95.508817,15.222019,10.864060,4.421358,4.620411,9.137694,2.722743,4.559219,6.583333,0
1998-09-01,22196.000000,162.100000,161.200000,163.500000,9325.500000,7.740000,132.100000,False,2025,52403.287449,83.467296,101.347961,95.090483,15.252120,10.866725,4.424455,4.618560,9.140508,2.724718,4.554829,6.666667,0
1998-10-01,22380.000000,162.300000,162.500000,163.900000,9337.500000,7.750000,131.800000,False,2025,52772.588124,83.366325,101.915947,94.642989,15.234554,10.873747,4.423244,4.624148,9.141794,2.723566,4.550112,6.750000,0
1998-11-01,22398.000000,162.600000,162.700000,164.100000,9374.600000,7.760000,132.000000,False,2025,52717.587855,83.418629,101.917017,94.671082,15.235620,10.872704,4.423872,4.624159,9.145759,2.723636,4.550409,6.833333,0
1998-12-01,22744.000000,163.000000,162.800000,164.400000,9391.700000,7.780000,131.100000,False,2025,53400.592252,83.471243,101.793564,93.854018,15.247014,10.885577,4.424502,4.622947,9.147582,2.724384,4.541741,6.916667,0
1999-01-01,22339.000000,163.500000,163.400000,164.700000,9444.100000,7.820000,131.900000,False,2025,52289.296943,83.574781,101.982625,94.254738,15.297489,10.864547,4.425742,4.624802,9.153145,2.727689,4.546001,7.000000,0
1999-02-01,22577.000000,163.800000,163.800000,164.700000,9476.200000,7.850000,131.000000,False,2025,52749.599544,83.728129,102.232277,93.611605,15.356175,10.873311,4.427575,4.627247,9.156539,2.731518,4.539154,7.083333,0
1999-03-01,22488.000000,164.200000,163.400000,164.800000,9484.100000,7.860000,130.800000,False,2025,52413.662905,83.881663,101.920742,93.411970,15.366407,10.866923,4.429407,4.624195,9.157372,2.732184,4.537019,7.166667,0
1999-04-01,22791.000000,164.500000,163.600000,165.900000,9453.000000,7.900000,129.100000,False,2025,53023.001724,83.477725,101.368880,91.586581,15.342202,10.878481,4.424580,4.618766,9.154087,2.730607,4.517285,7.250000,0
1999-05-01,22790.000000,164.600000,164.000000,166.000000,9469.300000,7.910000,130.300000,False,2025,52988.463404,83.478153,101.555510,92.382204,15.352369,10.877829,4.424585,4.620606,9.155810,2.731270,4.525934,7.333333,0
1999-06-01,22855.000000,164.600000,163.900000,166.000000,9501.300000,7.940000,130.800000,False,2025,53139.593291,83.478153,101.493586,92.736702,15.410595,10.880678,4.424585,4.619996,9.159184,2.735055,4.529764,7.416667,0
1999-07-01,22839.000000,165.100000,163.900000,166.700000,9519.000000,7.970000,130.500000,False,2025,52941.573214,83.380129,101.067399,92.135480,15.403866,10.876944,4.423410,4.615788,9.161045,2.734618,4.523260,7.500000,0
1999-08-01,22942.000000,165.600000,164.100000,167.100000,9559.100000,8.000000,131.800000,False,2025,53019.762061,83.432445,100.948499,92.830556,15.424835,10.878420,4.424037,4.614610,9.165249,2.735979,4.530776,7.583333,0
1999-09-01,23117.000000,165.800000,164.700000,167.800000,9546.700000,8.010000,132.500000,False,2025,53359.749022,83.184739,100.894938,92.934275,15.379689,10.884812,4.421064,4.614080,9.163951,2.733048,4.531893,7.666667,0
1999-10-01,23562.000000,166.200000,165.100000,168.100000,9598.700000,8.050000,132.400000,False,2025,54256.023885,83.236612,100.959477,92.698406,15.428907,10.901469,4.421687,4.614719,9.169383,2.736243,4.529351,7.750000,0
1999-11-01,23708.000000,166.500000,165.400000,168.400000,9660.900000,8.080000,131.800000,False,2025,54493.852532,83.238307,100.962745,92.113931,15.458818,10.905843,4.421708,4.614752,9.175842,2.738180,4.523026,7.833333,0
1999-12-01,23722.000000,166.800000,165.500000,168.800000,9735.900000,8.120000,130.900000,False,2025,54427.963728,83.190683,100.784394,91.268139,15.498533,10.904633,4.421135,4.612984,9.183575,2.740745,4.513802,7.916667,0
2000-01-01,24004.000000,167.200000,165.300000,169.300000,9799.900000,8.110000,131.000000,False,2025,54943.228645,83.143902,100.365310,91.068111,15.433730,10.914056,4.420573,4.608817,9.190127,2.736555,4.511608,8.000000,0
2000-02-01,24145.000000,167.600000,166.100000,170.000000,9837.900000,8.180000,131.700000,False,2025,55134.066643,82.999635,100.435777,91.177745,15.502844,10.917523,4.418836,4.609518,9.193998,2.741024,4.512811,8.083333,0
2000-03-01,24486.000000,167.900000,166.400000,171.000000,9864.000000,8.220000,132.100000,False,2025,55812.821824,82.661955,100.028774,90.919848,15.487550,10.929759,4.414759,4.605458,9.196647,2.740036,4.509978,8.166667,0
2000-04-01,24515.000000,168.100000,166.600000,170.900000,9913.700000,8.260000,133.200000,False,2025,55812.440798,82.808847,100.207602,91.730583,15.572021,10.929752,4.416535,4.607244,9.201673,2.745476,4.518856,8.250000,0
2000-05-01,24446.000000,168.300000,167.400000,171.200000,9954.500000,8.280000,134.300000,False,2025,55589.212652,82.762089,100.512350,92.326048,15.582372,10.925744,4.415970,4.610281,9.205780,2.746140,4.525326,8.333333,0
2000-06-01,24524.000000,168.600000,167.500000,172.200000,9982.300000,8.310000,134.200000,False,2025,55667.352696,82.428142,99.988349,91.721545,15.548012,10.927149,4.411927,4.605054,9.208569,2.743933,4.518757,8.416667,0
2000-07-01,24704.000000,169.100000,168.500000,172.700000,10035.900000,8.340000,134.100000,False,2025,55910.130053,82.433238,100.294081,91.387844,15.558965,10.931501,4.411989,4.608107,9.213924,2.744637,4.515112,8.500000,0
2000-08-01,24567.000000,169.500000,169.000000,172.700000,10098.300000,8.360000,133.200000,False,2025,55468.861838,82.628231,100.591689,90.774503,15.596277,10.923577,4.414351,4.611070,9.220122,2.747032,4.508378,8.583333,0
2000-09-01,25003.000000,170.000000,169.100000,173.600000,10110.300000,8.410000,132.900000,False,2025,56287.249983,82.442336,100.129402,90.100511,15.608216,10.938223,4.412099,4.606463,9.221310,2.747797,4.500926,8.666667,0
2000-10-01,24940.000000,170.300000,169.000000,173.900000,10139.200000,8.440000,133.100000,False,2025,56046.517513,82.445348,99.897554,90.080433,15.636871,10.933937,4.412136,4.604145,9.224164,2.749632,4.500703,8.750000,0
2000-11-01,25004.000000,170.400000,169.200000,174.200000,10143.500000,8.470000,133.100000,False,2025,56157.366224,82.351692,99.843533,89.925300,15.665428,10.935913,4.410999,4.603604,9.224588,2.751456,4.498979,8.833333,0
2000-12-01,24494.000000,170.800000,170.200000,174.600000,10164.300000,8.460000,134.100000,False,2025,54883.105640,82.355900,100.203537,90.393360,15.611086,10.912961,4.411050,4.607203,9.226637,2.747981,4.504171,8.916667,0
2001-01-01,25542.000000,171.400000,170.400000,175.600000,10211.700000,8.450000,134.800000,False,2025,57030.990503,82.174561,99.749979,90.347757,15.503837,10.951350,4.408846,4.602667,9.231289,2.741088,4.503666,9.000000,0
2001-02-01,25338.000000,171.800000,171.600000,176.000000,10223.400000,8.500000,135.600000,False,2025,56443.768730,82.179138,100.224143,90.677391,15.560131,10.941000,4.408901,4.607409,9.232434,2.744712,4.507308,9.083333,0
2001-03-01,25306.000000,172.300000,172.100000,176.100000,10254.400000,8.530000,136.300000,False,2025,56208.896296,82.371507,100.459092,91.093732,15.606182,10.936830,4.411240,4.609751,9.235462,2.747667,4.511889,9.166667,0
2001-04-01,25297.000000,172.700000,172.500000,176.400000,10233.100000,8.530000,137.100000,False,2025,56058.763552,82.422322,100.521336,91.472567,15.579641,10.934156,4.411856,4.610370,9.233383,2.745965,4.516039,9.250000,0
2001-05-01,25519.000000,173.100000,172.800000,177.300000,10214.700000,8.550000,137.800000,False,2025,56420.043343,82.193868,100.185008,91.472906,15.536900,10.940580,4.409081,4.607019,9.231583,2.743218,4.516043,9.333333,0
2001-06-01,25638.000000,173.600000,173.500000,177.700000,10218.100000,8.570000,138.000000,False,2025,56519.882951,82.245734,100.364421,91.399465,15.538189,10.942348,4.409712,4.608808,9.231916,2.743301,4.515240,9.416667,0
2001-07-01,25762.000000,174.100000,174.000000,177.400000,10370.700000,8.570000,138.500000,False,2025,56630.140119,82.622103,100.823871,91.885747,15.564465,10.944297,4.414277,4.613375,9.246740,2.744990,4.520546,9.500000,0
2001-08-01,26069.000000,174.700000,174.400000,177.400000,10543.100000,8.610000,139.500000,False,2025,57108.177212,82.906843,101.055650,92.549182,15.637112,10.952703,4.417718,4.615671,9.263227,2.749647,4.527740,9.583333,0
2001-09-01,25522.000000,175.100000,174.400000,178.100000,10452.800000,8.610000,139.300000,False,2025,55782.168045,82.770069,100.658463,92.053263,15.575652,10.929210,4.416067,4.611733,9.254625,2.745709,4.522367,9.666667,0
2001-10-01,25770.000000,175.600000,175.100000,177.600000,10267.700000,8.620000,138.500000,False,2025,56163.832880,83.240109,101.347005,91.782272,15.637643,10.936028,4.421729,4.618550,9.236758,2.749681,4.519419,9.750000,0
2001-11-01,25949.000000,175.800000,175.100000,177.500000,10279.700000,8.630000,136.700000,False,2025,56489.611342,83.381864,101.404102,90.640470,15.664605,10.941812,4.423431,4.619114,9.237926,2.751404,4.506901,9.833333,0
2001-12-01,26423.000000,176.000000,174.700000,177.400000,10298.900000,8.640000,135.800000,False,2025,57456.119146,83.523780,101.229484,90.094473,15.691596,10.958777,4.425131,4.617390,9.239792,2.753125,4.500859,9.916667,0
2002-01-01,26532.000000,176.400000,175.400000,177.700000,10514.700000,8.680000,135.700000,False,2025,57562.313342,83.572278,101.463513,89.876140,15.737629,10.960623,4.425712,4.619699,9.260530,2.756055,4.498433,10.000000,0
2002-02-01,26590.000000,177.000000,175.700000,178.000000,10531.600000,8.680000,136.500000,False,2025,57492.593792,83.715206,101.465755,90.253622,15.711105,10.959411,4.427421,4.619721,9.262136,2.754368,4.502624,10.083333,0
2002-03-01,26537.000000,177.100000,176.200000,178.500000,10539.000000,8.710000,136.400000,False,2025,57345.599155,83.527874,101.469476,89.934877,15.721245,10.956851,4.425180,4.619758,9.262838,2.755013,4.499086,10.166667,0
2002-04-01,26604.000000,177.200000,176.700000,179.300000,10574.200000,8.740000,135.800000,False,2025,57457.940206,83.202144,101.303393,89.139763,15.705007,10.958808,4.421273,4.618120,9.266172,2.753980,4.490206,10.250000,0
2002-05-01,26576.000000,177.600000,175.500000,179.500000,10616.500000,8.770000,135.300000,False,2025,57268.193682,83.297045,100.503318,88.712606,15.741356,10.955501,4.422413,4.610191,9.270165,2.756291,4.485402,10.333333,0
2002-06-01,26774.000000,178.200000,175.200000,179.600000,10648.200000,8.810000,135.600000,False,2025,57500.601898,83.531918,100.275654,88.859804,15.804348,10.959551,4.425229,4.607923,9.273146,2.760285,4.487060,10.416667,0
2002-07-01,26822.000000,178.500000,175.300000,180.000000,10621.000000,8.840000,136.200000,False,2025,57506.875139,83.486606,100.109927,89.054649,15.822925,10.959660,4.424686,4.606269,9.270588,2.761460,4.489250,10.500000,0
2002-08-01,26834.000000,178.800000,175.100000,180.500000,10623.000000,8.860000,136.000000,False,2025,57436.072152,83.395266,99.718715,88.677552,15.814793,10.958428,4.423592,4.602353,9.270777,2.760946,4.485007,10.583333,0
2002-09-01,26983.000000,179.200000,175.400000,180.800000,10633.600000,8.860000,136.300000,False,2025,57626.077565,83.443146,99.723818,88.725698,15.788552,10.961730,4.424166,4.602405,9.271774,2.759285,4.485550,10.666667,0
2002-10-01,26809.000000,179.600000,175.000000,181.200000,10661.800000,8.880000,136.400000,False,2025,57126.960002,83.444790,99.276759,88.594787,15.789260,10.953031,4.424185,4.597911,9.274423,2.759330,4.484073,10.750000,0
2002-11-01,27058.000000,179.800000,175.700000,181.500000,10690.900000,8.910000,136.500000,False,2025,57593.415755,83.399634,99.509115,88.513194,15.816416,10.961164,4.423644,4.600249,9.277148,2.761048,4.483152,10.833333,0
2002-12-01,27440.000000,180.100000,175.900000,181.800000,10719.900000,8.960000,137.500000,False,2025,58309.219156,83.400936,99.457994,89.014511,15.878926,10.973515,4.423660,4.599735,9.279857,2.764993,4.488799,10.916667,0
2003-01-01,27263.000000,179.900000,176.000000,182.600000,10710.400000,8.940000,139.200000,False,2025,57997.505084,82.943332,99.078547,89.720246,15.774069,10.968155,4.418158,4.595913,9.278971,2.758367,4.496696,11.000000,0
2003-02-01,27165.000000,180.700000,177.200000,183.600000,10674.000000,9.010000,139.900000,False,2025,57533.181195,82.858404,99.210759,89.680295,15.810992,10.960117,4.417133,4.597246,9.275566,2.760705,4.496251,11.083333,0
2003-03-01,27611.000000,181.000000,177.500000,183.900000,10696.500000,8.960000,140.100000,False,2025,58380.847133,82.860573,99.216605,89.661995,15.697601,10.974743,4.417159,4.597305,9.277672,2.753508,4.496047,11.166667,0
2003-04-01,27678.000000,181.100000,177.600000,183.200000,10752.700000,8.960000,140.700000,False,2025,58490.197268,83.223135,99.651818,90.390049,15.757581,10.976614,4.421525,4.601682,9.282912,2.757322,4.504134,11.250000,0
2003-05-01,28227.000000,181.500000,177.900000,182.900000,10832.000000,8.990000,141.400000,False,2025,59518.903990,83.543759,99.983878,90.988750,15.836273,10.994049,4.425371,4.605009,9.290260,2.762303,4.510736,11.333333,0
2003-06-01,28340.000000,181.900000,179.200000,183.100000,10860.600000,9.010000,143.200000,False,2025,59625.766946,83.636422,100.604497,92.046370,15.854168,10.995843,4.426479,4.611197,9.292897,2.763432,4.522292,11.416667,0
2003-07-01,28524.000000,182.300000,179.000000,183.700000,10991.100000,9.030000,142.700000,False,2025,59881.213190,83.546565,100.163988,91.425387,15.837462,11.000118,4.425404,4.606809,9.304841,2.762378,4.515523,11.500000,0
2003-08-01,28980.000000,182.600000,180.000000,184.500000,11066.700000,9.020000,143.600000,False,2025,60738.552725,83.321195,100.286822,91.603077,15.751328,11.014334,4.422703,4.608034,9.311696,2.756925,4.517465,11.583333,0
2003-09-01,28709.000000,182.800000,180.500000,185.100000,10940.800000,9.030000,145.200000,False,2025,60104.737576,83.142075,100.239414,92.323485,15.717676,11.003844,4.420551,4.607561,9.300254,2.754786,4.525299,11.666667,0
2003-10-01,29145.000000,183.300000,181.400000,184.900000,10982.300000,9.020000,148.500000,False,2025,60851.098987,83.459666,100.848189,94.523879,15.717252,11.016185,4.424363,4.613616,9.304040,2.754759,4.548852,11.750000,0
2003-11-01,29272.000000,183.800000,182.700000,185.000000,11048.400000,9.030000,148.200000,False,2025,60950.001529,83.642088,101.516013,94.281931,15.726172,11.017809,4.426547,4.620217,9.310041,2.755326,4.546290,11.833333,0
2003-12-01,29152.000000,184.300000,183.900000,185.500000,11057.200000,9.070000,147.500000,False,2025,60535.460640,83.643560,101.907360,93.583676,15.753258,11.010985,4.426564,4.624064,9.310837,2.757047,4.538856,11.916667,0
2004-01-01,29528.000000,184.900000,183.300000,186.300000,11051.200000,9.080000,146.400000,False,2025,61117.270790,83.555520,101.138695,92.486898,15.702905,11.020550,4.425511,4.616493,9.310294,2.753846,4.527067,12.000000,0
2004-02-01,29555.000000,185.500000,183.700000,186.700000,11071.000000,9.120000,147.300000,False,2025,60975.290933,83.647061,101.142241,92.856096,15.738289,11.018224,4.426606,4.616528,9.312084,2.756097,4.531051,12.083333,0
2004-03-01,29779.000000,185.800000,184.100000,187.100000,11115.600000,9.120000,149.400000,False,2025,61338.228849,83.603221,101.145772,93.978564,15.704642,11.024159,4.426082,4.616563,9.316105,2.753956,4.543067,12.166667,0
2004-04-01,29733.000000,186.200000,184.300000,187.400000,11153.300000,9.100000,153.300000,False,2025,61111.913968,83.649082,101.093558,96.277446,15.645117,11.020462,4.426630,4.616046,9.319491,2.750159,4.567234,12.250000,0
2004-05-01,29807.000000,186.700000,186.600000,188.200000,11208.900000,9.100000,156.100000,False,2025,61099.939618,83.517173,101.920080,97.619207,15.578613,11.020266,4.425052,4.624189,9.324463,2.745899,4.581074,12.333333,0
2004-06-01,29986.000000,187.000000,187.000000,188.900000,11215.800000,9.100000,155.800000,False,2025,61368.253191,83.341390,101.760067,97.070550,15.520883,11.024648,4.422945,4.622618,9.325079,2.742186,4.575438,12.416667,0
2004-07-01,30331.000000,187.800000,187.200000,189.100000,11240.500000,9.140000,153.300000,False,2025,61809.890262,83.609408,101.761160,95.411916,15.572619,11.031819,4.426156,4.622628,9.327279,2.745514,4.558203,12.500000,0
2004-08-01,30186.000000,188.400000,187.000000,189.200000,11274.600000,9.150000,151.400000,False,2025,61318.496931,83.832198,101.598713,94.179577,15.581417,11.023837,4.428817,4.621031,9.330308,2.746079,4.545203,12.583333,0
2004-09-01,30580.000000,188.900000,186.400000,189.800000,11279.600000,9.180000,150.400000,False,2025,61954.428415,83.788967,100.952583,93.261763,15.583086,11.034154,4.428301,4.614651,9.330751,2.746186,4.535410,12.666667,0
2004-10-01,30776.000000,189.400000,187.700000,190.800000,11282.500000,9.240000,150.300000,False,2025,62186.917492,83.570441,101.123859,92.711286,15.602730,11.037900,4.425690,4.616346,9.331008,2.747446,4.529490,12.750000,0
2004-11-01,30841.000000,189.600000,188.600000,191.700000,11246.100000,9.260000,150.100000,False,2025,62252.521901,83.265925,101.131700,92.153232,15.563092,11.038954,4.422039,4.616424,9.327777,2.744902,4.523453,12.833333,0
2004-12-01,31271.000000,189.900000,188.400000,191.700000,11659.000000,9.260000,151.100000,False,2025,63020.759998,83.397674,101.024456,92.767178,15.563092,11.051219,4.423620,4.615363,9.363834,2.744902,4.530093,12.916667,0
2005-01-01,31161.000000,190.800000,188.100000,191.600000,11226.500000,9.280000,151.800000,False,2025,62502.853838,83.836657,100.916232,93.245581,15.604846,11.042967,4.428870,4.614291,9.326032,2.747581,4.535237,13.000000,0
2005-02-01,31598.000000,191.400000,187.700000,192.400000,11229.000000,9.290000,152.300000,False,2025,63180.708648,83.750605,100.282912,93.163721,15.556706,11.053754,4.427843,4.607995,9.326255,2.744492,4.534358,13.083333,0
2005-03-01,31436.000000,191.700000,188.100000,193.100000,11268.800000,9.300000,153.400000,False,2025,62758.419617,83.577799,100.132315,93.496441,15.516997,11.047048,4.425778,4.606492,9.329793,2.741936,4.537923,13.166667,0
2005-04-01,31971.000000,192.100000,190.000000,193.700000,11304.200000,9.330000,153.300000,False,2025,63693.583999,83.492763,100.830452,93.146068,15.518832,11.061839,4.424760,4.613440,9.332930,2.742054,4.534169,13.250000,0
2005-05-01,31919.000000,192.600000,190.200000,193.600000,11352.700000,9.340000,154.300000,False,2025,63424.904998,83.753317,100.988726,93.802101,15.543490,11.057612,4.427876,4.615009,9.337211,2.743642,4.541187,13.333333,0
2005-06-01,32136.000000,193.200000,189.600000,193.700000,11375.500000,9.360000,153.200000,False,2025,63657.785730,83.970858,100.618177,93.085307,15.568732,11.061277,4.430470,4.611333,9.339217,2.745265,4.533516,13.416667,0
2005-07-01,32209.000000,193.600000,190.000000,194.900000,11387.100000,9.380000,153.000000,False,2025,63670.567362,83.626631,100.209638,92.391408,15.505937,11.061478,4.426362,4.607264,9.340236,2.741223,4.526034,13.500000,0
2005-08-01,32389.000000,194.200000,189.800000,196.100000,11405.300000,9.400000,152.700000,False,2025,63828.574505,83.372480,99.491585,91.645983,15.443910,11.063956,4.423318,4.600073,9.341833,2.737215,4.517933,13.583333,0
2005-09-01,32413.000000,194.600000,190.200000,198.800000,11365.200000,9.460000,153.100000,False,2025,63744.574234,82.409550,98.347170,90.638102,15.331398,11.062639,4.411701,4.588504,9.338311,2.729903,4.506875,13.666667,0
2005-10-01,32764.000000,195.200000,190.600000,199.100000,11428.700000,9.450000,153.900000,False,2025,64236.805505,82.539083,98.405499,90.974432,15.292115,11.070332,4.413272,4.589097,9.343883,2.727337,4.510578,13.750000,0
2005-11-01,33153.000000,195.600000,191.400000,198.100000,11500.100000,9.460000,153.200000,False,2025,64866.552164,83.125728,99.317366,91.017789,15.385573,11.080087,4.420354,4.598320,9.350111,2.733430,4.511055,13.833333,0
2005-12-01,33172.000000,196.000000,191.700000,198.100000,11535.200000,9.490000,153.500000,False,2025,64771.270630,83.295720,99.473035,91.196022,15.434364,11.078617,4.422397,4.599887,9.353159,2.736596,4.513011,13.916667,0
2006-01-01,34098.000000,196.600000,192.500000,199.300000,11651.800000,9.450000,153.600000,False,2025,66376.175345,83.047641,99.286721,90.705978,15.276769,11.103093,4.419414,4.598012,9.363216,2.726333,4.507623,14.000000,0
2006-02-01,33581.000000,197.200000,192.200000,199.400000,11702.800000,9.560000,152.600000,False,2025,65170.874036,83.259317,99.082273,90.070251,15.446843,11.084768,4.421960,4.595951,9.367583,2.737405,4.500590,14.083333,0
2006-03-01,33886.000000,197.600000,192.300000,199.700000,11747.500000,9.600000,152.600000,False,2025,65629.666545,83.302870,98.984901,89.934943,15.488172,11.091783,4.422483,4.594967,9.371396,2.740077,4.499087,14.166667,0
2006-04-01,33978.000000,198.000000,191.800000,200.700000,11744.400000,9.650000,152.200000,False,2025,65674.904989,83.055597,98.235614,89.252270,15.491267,11.092472,4.419510,4.587369,9.371132,2.740276,4.491467,14.250000,0
2006-05-01,33970.000000,198.700000,191.800000,201.300000,11736.800000,9.700000,152.500000,False,2025,65428.130492,83.100795,97.942810,89.161643,15.525120,11.088708,4.420054,4.584384,9.370484,2.742459,4.490451,14.333333,0
2006-06-01,33817.000000,199.200000,192.400000,201.800000,11751.900000,9.730000,153.800000,False,2025,64969.956327,83.103490,98.005769,89.698910,15.534550,11.081680,4.420087,4.585026,9.371770,2.743067,4.496459,14.416667,0
2006-07-01,33932.000000,199.700000,192.800000,202.900000,11746.900000,9.760000,154.400000,False,2025,65027.674755,82.860415,97.677091,89.560651,15.497968,11.082568,4.417157,4.581667,9.371345,2.740709,4.494916,14.500000,0
2006-08-01,34483.000000,200.200000,193.400000,203.800000,11737.000000,9.830000,153.700000,False,2025,65918.573487,82.701042,97.548372,88.760897,15.540191,11.096176,4.415232,4.580348,9.370502,2.743430,4.485946,14.583333,0
2006-09-01,34840.000000,200.500000,194.300000,202.800000,11800.100000,9.830000,154.600000,False,2025,66501.371297,83.233377,98.485566,89.720881,15.616819,11.104978,4.421648,4.589910,9.375863,2.748348,4.496704,14.666667,0
2006-10-01,34890.000000,201.100000,194.800000,201.900000,11853.700000,9.890000,154.300000,False,2025,66398.111953,83.854590,99.179147,89.945947,15.782179,11.103424,4.429084,4.596928,9.380395,2.758881,4.499209,14.750000,0
2006-11-01,34993.000000,201.600000,194.600000,202.000000,11901.900000,9.950000,155.500000,False,2025,66428.964154,84.021464,99.028272,90.600588,15.870065,11.103888,4.431072,4.595405,9.384453,2.764435,4.506461,14.833333,0
2006-12-01,36055.000000,202.200000,194.400000,203.100000,11958.600000,10.000000,156.200000,False,2025,68241.911007,83.815109,98.390705,90.515530,15.863429,11.130814,4.428613,4.588946,9.389206,2.764016,4.505521,14.916667,0
2007-01-01,35487.000000,203.171000,195.918000,203.437000,11956.600000,10.090000,158.200000,False,2025,66845.842254,84.078095,98.994742,91.522638,15.979685,11.110144,4.431746,4.595067,9.389039,2.771318,4.516586,15.000000,0
2007-02-01,35111.000000,203.909000,197.735000,204.226000,11996.000000,10.170000,160.600000,False,2025,65898.212652,84.057497,99.526848,92.552148,16.044158,11.095867,4.431501,4.600427,9.392329,2.775345,4.527772,15.083333,0
2007-03-01,35707.000000,204.082000,198.816000,205.288000,12035.100000,10.210000,162.400000,False,2025,66960.007444,83.693596,99.553264,93.105311,16.023935,11.111851,4.427162,4.600693,9.395583,2.774084,4.533731,15.166667,0
2007-04-01,35684.000000,204.725000,199.250000,205.904000,12052.800000,10.300000,163.400000,False,2025,66706.703966,83.706115,99.472099,93.398362,16.116823,11.108061,4.427312,4.599877,9.397052,2.779864,4.536874,15.250000,0
2007-05-01,35819.000000,205.233000,200.237000,206.755000,12059.900000,10.330000,164.800000,False,2025,66793.329850,83.568433,99.553388,93.810873,16.097236,11.109359,4.425666,4.600694,9.397641,2.778648,4.541281,15.333333,0
2007-06-01,36158.000000,205.934000,201.151000,207.234000,12053.300000,10.400000,166.200000,False,2025,67195.962130,83.660053,99.776650,94.389134,16.168857,11.115368,4.426762,4.602934,9.397094,2.783087,4.547426,15.416667,0
2007-07-01,36315.000000,206.931000,201.596000,207.603000,12066.400000,10.470000,166.200000,False,2025,67162.572660,83.915661,99.819645,94.221364,16.248754,11.114871,4.429812,4.603365,9.398180,2.788016,4.545647,15.500000,0
2007-08-01,36232.000000,207.756000,202.338000,207.667000,12070.900000,10.510000,166.600000,False,2025,66742.975466,84.224254,100.156167,94.419023,16.305804,11.108604,4.433483,4.606731,9.398553,2.791521,4.547743,15.583333,0
2007-09-01,36510.000000,208.805000,203.300000,208.547000,12089.600000,10.550000,167.500000,False,2025,66917.201510,84.292325,100.207716,94.528520,16.298796,11.111211,4.434291,4.607245,9.400101,2.791091,4.548902,15.666667,0
2007-10-01,36778.000000,209.275000,204.081000,209.190000,12080.400000,10.600000,167.500000,False,2025,67257.015113,84.222382,100.283478,94.237962,16.325705,11.116277,4.433461,4.608001,9.399340,2.792741,4.545823,15.750000,0
2007-11-01,36755.000000,209.854000,205.119000,210.834000,12070.100000,10.630000,168.000000,False,2025,67029.504170,83.796850,100.007593,93.782245,16.244248,11.112888,4.428395,4.605246,9.398487,2.787739,4.540976,15.833333,0
2007-12-01,37310.000000,210.233000,205.503000,211.445000,12120.500000,10.670000,169.400000,False,2025,67918.985893,83.705608,99.905289,94.290509,16.258258,11.126071,4.427306,4.604223,9.402654,2.788601,4.546381,15.916667,0
2008-01-01,36890.000000,211.070000,207.100000,212.174000,12137.100000,10.690000,172.700000,False,2025,66888.117988,83.750119,100.335742,95.797057,16.232767,11.110777,4.427838,4.608522,9.404022,2.787032,4.562232,16.000000,0
2008-02-01,36257.000000,211.878000,207.854000,212.687000,12141.800000,10.740000,174.600000,False,2025,65489.674697,83.867946,100.458150,96.617387,16.269355,11.089648,4.429243,4.609741,9.404409,2.789283,4.570759,16.083333,0
2008-03-01,36671.000000,212.537000,208.093000,213.448000,12145.900000,10.750000,176.900000,False,2025,66032.089230,83.828857,100.215089,97.541120,16.226445,11.097896,4.428777,4.607319,9.404747,2.786642,4.580274,16.166667,0
2008-04-01,36779.000000,213.083000,210.897000,213.942000,12100.800000,10.800000,177.800000,False,2025,66056.863030,83.850149,101.330943,97.811000,16.264275,11.098271,4.429031,4.618392,9.401027,2.788971,4.583037,16.250000,0
2008-05-01,37167.000000,213.967000,211.800000,215.208000,12696.200000,10.820000,180.800000,False,2025,66477.938218,83.702701,101.166163,98.876255,16.198539,11.104625,4.427271,4.616764,9.449058,2.784921,4.593869,16.333333,0
2008-06-01,37162.000000,215.015000,213.331000,217.463000,12376.600000,10.850000,182.400000,False,2025,66145.019974,83.240460,100.840811,98.716887,16.075014,11.099605,4.421734,4.613543,9.423563,2.777266,4.592256,16.416667,0
2008-07-01,37293.000000,216.376000,216.028000,219.016000,12188.700000,10.870000,187.000000,False,2025,65960.670943,83.173377,101.391590,100.488822,15.990451,11.096814,4.420927,4.618990,9.408265,2.771992,4.610047,16.500000,0
2008-08-01,37315.000000,217.063000,217.449000,218.690000,12120.600000,10.910000,187.300000,False,2025,65790.695319,83.561834,102.210667,100.800073,16.073218,11.094234,4.425587,4.627036,9.402662,2.777154,4.613139,16.583333,0
2008-09-01,37423.000000,218.225000,218.757000,218.877000,12149.000000,10.920000,185.900000,False,2025,65629.777040,83.937390,102.737635,99.961153,16.074205,11.091785,4.430071,4.632179,9.405002,2.777216,4.604782,16.666667,0
2008-10-01,37169.000000,219.290000,219.532000,216.995000,12240.500000,10.940000,182.500000,False,2025,64867.756949,85.078571,103.995810,98.984031,16.243312,11.080106,4.443575,4.644351,9.412505,2.787681,4.594959,16.750000,0
2008-11-01,37102.000000,220.043000,219.662000,213.153000,12345.900000,10.900000,180.000000,False,2025,64529.246680,86.909489,105.932987,99.387793,16.475631,11.074874,4.464867,4.662807,9.421079,2.801882,4.599029,16.833333,0
2008-12-01,37196.000000,220.684000,219.163000,211.398000,12288.800000,10.960000,177.700000,False,2025,64504.828263,87.886276,106.569787,98.932400,16.703854,11.074495,4.476044,4.668800,9.416444,2.815639,4.594437,16.916667,0
2009-01-01,37338.000000,221.319000,218.953000,211.933000,12361.500000,10.990000,176.800000,False,2025,64565.301523,87.916664,106.198907,98.182858,16.707294,11.075432,4.476389,4.665314,9.422342,2.815845,4.586832,17.000000,0
2009-02-01,36947.000000,221.968000,217.930000,212.705000,12241.900000,11.000000,175.500000,False,2025,63702.377749,87.854449,105.319079,97.107196,16.661803,11.061977,4.475681,4.656995,9.412620,2.813119,4.575815,17.083333,0
2009-03-01,36612.000000,222.216000,216.949000,212.495000,12242.700000,11.000000,174.400000,False,2025,63054.336382,88.039527,104.948605,96.593913,16.678269,11.051752,4.477786,4.653471,9.412685,2.814107,4.570516,17.166667,0
2009-04-01,36793.000000,222.905000,215.807000,212.709000,12320.000000,11.010000,175.500000,False,2025,63170.195592,88.223652,104.291135,97.105370,16.676636,11.053588,4.479875,4.647186,9.418979,2.814009,4.575797,17.250000,0
2009-05-01,36796.000000,223.023000,215.064000,213.022000,12500.100000,10.990000,177.400000,False,2025,63141.920656,88.140657,103.779362,98.012429,16.621884,11.053140,4.478934,4.642267,9.433492,2.810720,4.585094,17.333333,0
2009-06-01,36769.000000,223.163000,214.953000,214.790000,12273.200000,11.060000,177.900000,False,2025,63056.006020,87.470019,102.872001,97.479632,16.590064,11.051779,4.471296,4.633486,9.415173,2.808804,4.579643,17.416667,0
2009-07-01,36742.000000,223.345000,214.047000,214.726000,12218.700000,11.090000,176.200000,False,2025,62958.357573,87.567447,102.468940,96.576900,16.640023,11.050229,4.472409,4.629560,9.410723,2.811811,4.570340,17.500000,0
2009-08-01,36715.000000,223.675000,213.769000,215.445000,12194.800000,11.150000,175.900000,False,2025,62819.274721,87.404162,101.994332,96.090712,16.674217,11.048017,4.470543,4.624917,9.408765,2.813864,4.565293,17.583333,0
2009-09-01,36549.000000,224.003000,213.299000,215.861000,12230.600000,11.250000,175.800000,False,2025,62443.680883,87.363644,101.573956,95.851007,16.791339,11.042020,4.470079,4.620787,9.411696,2.820863,4.562795,17.666667,0
2009-10-01,36528.000000,224.224000,213.472000,216.509000,12193.200000,11.250000,175.300000,False,2025,62346.292074,87.188103,101.352088,95.292332,16.741084,11.040459,4.468068,4.618600,9.408634,2.817866,4.556949,17.750000,0
2009-11-01,36738.000000,224.633000,213.383000,217.234000,12224.400000,11.320000,176.000000,False,2025,62590.552335,87.055627,100.971719,95.353549,16.789031,11.044370,4.466547,4.614840,9.411189,2.820726,4.557592,17.833333,0
2009-12-01,36777.000000,224.789000,213.839000,217.347000,12280.200000,11.310000,177.900000,False,2025,62613.513697,87.070792,101.134888,96.332824,16.765479,11.044736,4.466721,4.616455,9.415743,2.819322,4.567809,17.916667,0
2010-01-01,36768.000000,224.916000,214.738000,217.488000,12285.800000,11.300000,178.900000,False,2025,62562.844635,87.063504,101.494226,96.811519,16.739795,11.043927,4.466638,4.620002,9.416199,2.817789,4.572766,18.000000,0
2010-02-01,37270.000000,225.081000,214.728000,217.281000,12292.000000,11.310000,179.300000,False,2025,63370.537123,87.210379,101.586187,97.120415,16.770571,11.056754,4.468323,4.620908,9.416704,2.819626,4.575952,18.083333,0
2010-03-01,37449.000000,224.991000,215.550000,217.353000,12340.300000,11.310000,179.500000,False,2025,63700.363510,87.146630,101.941289,97.196540,16.765016,11.061946,4.467592,4.624397,9.420626,2.819294,4.576735,18.166667,0
2010-04-01,37726.000000,225.276000,215.721000,217.403000,12447.100000,11.320000,180.400000,False,2025,64090.353297,87.236952,101.998697,97.661411,16.775980,11.068049,4.468628,4.624960,9.429243,2.819948,4.581507,18.250000,0
2010-05-01,37700.000000,225.573000,215.717000,217.290000,12540.300000,11.330000,182.800000,False,2025,63961.857303,87.397390,102.049849,99.012139,16.799532,11.066042,4.470465,4.625461,9.436703,2.821351,4.595242,18.333333,0
2010-06-01,37928.000000,225.797000,215.476000,217.199000,12544.300000,11.330000,181.100000,False,2025,64284.845764,87.520831,101.978546,98.132445,16.806570,11.071079,4.471877,4.624762,9.437022,2.821770,4.586318,18.416667,0
2010-07-01,38069.000000,225.710000,215.451000,217.605000,12554.200000,11.320000,181.200000,False,2025,64548.699920,87.323879,101.776469,98.003439,16.760407,11.075175,4.469624,4.622779,9.437811,2.819019,4.585003,18.500000,0
2010-08-01,38427.000000,226.422000,215.361000,217.923000,12591.400000,11.350000,181.800000,False,2025,64950.827654,87.471514,101.585500,98.184471,16.780303,11.081386,4.471313,4.620901,9.440769,2.820206,4.586848,18.583333,0
2010-09-01,38394.000000,227.075000,216.166000,218.275000,12589.900000,11.290000,183.900000,False,2025,64708.430940,87.582314,101.800784,99.158449,16.664679,11.077647,4.472579,4.623018,9.440650,2.813291,4.596719,18.666667,0
2010-10-01,38516.000000,227.287000,216.534000,219.035000,12592.500000,11.310000,185.300000,False,2025,64853.499124,87.359908,101.620263,99.566650,16.636275,11.079886,4.470036,4.621243,9.440857,2.811586,4.600827,18.750000,0
2010-11-01,38755.000000,227.512000,217.105000,219.590000,12605.100000,11.310000,186.400000,False,2025,65191.393501,87.225374,101.630720,99.904567,16.594228,11.085083,4.468495,4.621346,9.441857,2.809055,4.604215,18.833333,0
2010-12-01,38558.000000,227.722000,217.419000,220.472000,12680.600000,11.330000,186.600000,False,2025,64800.199213,86.956617,101.370546,99.611663,16.557069,11.079064,4.465409,4.618783,9.447829,2.806813,4.601279,18.916667,0
2011-01-01,38720.000000,228.181000,219.251000,221.187000,12740.100000,11.350000,187.900000,False,2025,64941.557623,86.850229,101.894260,99.981391,16.532680,11.081243,4.464185,4.623936,9.452510,2.805339,4.604984,19.000000,0
2011-02-01,39426.000000,228.606000,220.732000,221.898000,12776.600000,11.360000,191.300000,False,2025,66002.733816,86.733191,102.253844,101.464373,16.494226,11.097451,4.462837,4.627458,9.455371,2.803010,4.619708,19.083333,0
2011-03-01,39614.000000,229.282000,223.193000,223.046000,12742.700000,11.390000,194.500000,False,2025,66121.936974,86.541937,102.861739,102.630669,16.452666,11.099256,4.460629,4.633386,9.452714,2.800488,4.631137,19.166667,0
2011-04-01,39631.000000,230.082000,224.098000,224.093000,12721.300000,11.420000,197.100000,False,2025,65920.306580,86.438146,102.796286,103.516678,16.418929,11.096202,4.459429,4.632749,9.451033,2.798435,4.639733,19.250000,0
2011-05-01,40096.000000,230.501000,225.295000,224.806000,12705.300000,11.500000,197.300000,False,2025,66572.530740,86.320909,103.017591,103.293069,16.481508,11.106047,4.458072,4.634900,9.449775,2.802239,4.637570,19.333333,0
2011-06-01,40479.000000,231.097000,225.857000,224.806000,12756.900000,11.480000,197.800000,False,2025,67035.105746,86.544106,103.274569,103.554835,16.452844,11.112972,4.460654,4.637391,9.453828,2.800498,4.640101,19.416667,0
2011-07-01,40520.000000,231.580000,227.178000,225.395000,12805.600000,11.490000,199.400000,False,2025,66963.048774,86.498357,103.607150,104.119691,16.424144,11.111896,4.460125,4.640606,9.457638,2.798752,4.645541,19.500000,0
2011-08-01,40697.000000,232.513000,228.492000,226.106000,12799.700000,11.480000,201.600000,False,2025,66985.682695,86.573752,103.878733,104.937432,16.358249,11.112234,4.460997,4.643224,9.457177,2.794732,4.653364,19.583333,0
2011-09-01,41031.000000,233.032000,229.927000,226.597000,12781.700000,11.500000,202.400000,False,2025,67385.021386,86.578986,104.304621,105.125566,16.351240,11.118178,4.461057,4.647316,9.455770,2.794304,4.655155,19.666667,0
2011-10-01,41149.000000,233.459000,229.992000,226.750000,12791.900000,11.490000,200.300000,False,2025,67455.209582,86.679104,104.263708,103.964638,16.325998,11.119219,4.462213,4.646923,9.456567,2.792759,4.644051,19.750000,0
2011-11-01,41208.000000,234.046000,229.947000,227.169000,12782.700000,11.520000,200.600000,False,2025,67382.503905,86.736770,104.051038,103.928308,16.338434,11.118141,4.462878,4.644882,9.455848,2.793520,4.643701,19.833333,0
2011-12-01,40892.000000,234.435000,230.424000,227.223000,12898.500000,11.540000,200.000000,False,2025,66754.836004,86.860285,104.242101,103.592830,16.362909,11.108782,4.464301,4.646716,9.464866,2.795017,4.640468,19.916667,0
2012-01-01,41875.000000,235.268000,230.948000,227.842000,12967.500000,11.570000,200.700000,False,2025,68117.514189,86.932099,104.195306,103.672980,16.360877,11.128990,4.465127,4.646267,9.470202,2.794893,4.641242,20.000000,0
2012-02-01,41965.000000,235.603000,230.612000,228.329000,13029.600000,11.560000,200.900000,False,2025,68166.852680,86.870202,103.821802,103.554948,16.311870,11.129714,4.464415,4.642676,9.474979,2.791893,4.640102,20.083333,0
2012-03-01,41950.000000,236.073000,231.051000,228.807000,13066.400000,11.600000,201.600000,False,2025,68006.821539,86.861655,103.802133,103.698677,16.334118,11.127363,4.464317,4.642487,9.477799,2.793256,4.641489,20.166667,0
2012-04-01,42351.000000,236.695000,231.397000,229.187000,13116.500000,11.620000,202.300000,False,2025,68476.478331,86.946117,103.785212,103.886208,16.335151,11.134246,4.465289,4.642323,9.481626,2.793319,4.643296,20.250000,0
2012-05-01,42312.000000,237.262000,231.320000,228.713000,13112.500000,11.620000,202.800000,False,2025,68249.928143,87.335020,103.965696,104.358804,16.369005,11.130932,4.469752,4.644061,9.481321,2.795390,4.647835,20.333333,0
2012-06-01,42562.000000,237.839000,231.713000,228.524000,13097.200000,11.640000,203.700000,False,2025,68486.628748,87.619817,104.228459,104.908627,16.410740,11.134394,4.473007,4.646585,9.480154,2.797936,4.653090,20.416667,0
2012-07-01,42750.000000,238.337000,231.658000,228.590000,12999.800000,11.640000,205.000000,False,2025,68645.406635,87.777929,104.173633,105.547664,16.406002,11.136709,4.474810,4.646059,9.472689,2.797647,4.659163,20.500000,0
2012-08-01,42742.000000,239.057000,231.853000,229.918000,12961.600000,11.640000,207.800000,False,2025,68425.850832,87.534566,103.659111,106.371324,16.311241,11.133506,4.472034,4.641108,9.469746,2.791855,4.666936,20.583333,0
2012-09-01,43106.000000,239.565000,231.789000,231.015000,13053.100000,11.630000,209.300000,False,2025,68862.246600,87.304027,103.138397,106.630401,16.219839,11.139863,4.469397,4.636072,9.476781,2.786235,4.669369,20.666667,0
2012-10-01,42747.000000,239.742000,232.398000,231.638000,13142.000000,11.650000,209.600000,False,2025,68238.323527,87.133549,103.131258,106.496041,16.204033,11.130762,4.467442,4.636003,9.483568,2.785260,4.668108,20.750000,0
2012-11-01,43550.000000,240.038000,232.883000,231.249000,13315.700000,11.680000,209.800000,False,2025,69434.448634,87.387884,103.520332,106.776975,16.273088,11.148138,4.470357,4.639768,9.496699,2.789513,4.670742,20.833333,0
2012-12-01,43574.000000,240.359000,233.374000,231.221000,13642.700000,11.670000,208.800000,False,2025,69379.932344,87.515343,103.751152,106.280897,16.261125,11.147353,4.471814,4.641995,9.520960,2.788777,4.666086,20.916667,0
2013-01-01,44177.000000,240.713000,233.696000,231.679000,12845.500000,11.670000,207.500000,False,2025,70236.604194,87.470974,103.688918,105.410391,16.228979,11.159625,4.471307,4.641395,9.460749,2.786798,4.657861,21.000000,0
2013-02-01,43891.000000,240.930000,233.526000,232.937000,12813.900000,11.700000,207.600000,False,2025,69719.044520,87.077007,103.053915,104.891637,16.182827,11.152229,4.466793,4.635252,9.458286,2.783951,4.652928,21.083333,0
2013-03-01,44075.000000,241.409000,233.580000,232.282000,12852.100000,11.730000,208.000000,False,2025,69872.405557,87.496159,103.368409,105.390089,16.270071,11.154426,4.471595,4.638299,9.461263,2.789327,4.657669,21.166667,0
2013-04-01,43732.000000,242.236000,233.776000,231.797000,12893.400000,11.740000,207.100000,False,2025,69091.955463,87.979596,103.671611,105.153633,16.318013,11.143194,4.477105,4.641228,9.464471,2.792270,4.655422,21.250000,0
2013-05-01,43835.000000,242.642000,233.184000,231.893000,12954.200000,11.750000,208.700000,False,2025,69138.804424,88.090571,103.366269,105.922154,16.325152,11.143871,4.478366,4.638279,9.469175,2.792707,4.662704,21.333333,0
2013-06-01,43740.000000,243.016000,233.809000,232.445000,12955.700000,11.760000,209.400000,False,2025,68882.792008,88.016835,103.397193,106.025044,16.300244,11.140162,4.477528,4.638578,9.469291,2.791180,4.663675,21.416667,0
2013-07-01,44025.000000,243.409000,233.893000,232.900000,12941.800000,11.780000,210.600000,False,2025,69219.676283,87.986944,103.232268,106.424317,16.296067,11.145040,4.477188,4.636981,9.468218,2.790924,4.667434,21.500000,0
2013-08-01,44148.000000,243.811000,234.073000,233.456000,12969.600000,11.830000,208.800000,False,2025,69298.617337,87.922361,103.065666,105.263413,16.326260,11.146180,4.476454,4.635366,9.470363,2.792775,4.656466,21.583333,0
2013-09-01,44376.000000,244.036000,234.040000,233.544000,13027.500000,11.840000,209.400000,False,2025,69592.283405,87.970340,103.012306,105.526117,16.333904,11.150409,4.477000,4.634848,9.474818,2.793243,4.658958,21.666667,0
2013-10-01,44955.000000,244.350000,234.219000,233.669000,12974.600000,11.850000,208.100000,False,2025,70409.699378,88.036411,103.035944,104.814888,16.338954,11.162086,4.477750,4.635078,9.470749,2.793552,4.652196,21.750000,0
2013-11-01,45693.000000,244.970000,234.144000,234.100000,12998.900000,11.850000,207.200000,False,2025,71384.447426,88.097296,102.813313,104.169440,16.308873,11.175835,4.478442,4.632915,9.472620,2.791709,4.646019,21.833333,0
2013-12-01,45313.000000,245.300000,234.318000,234.719000,13019.100000,11.890000,207.600000,False,2025,70695.553540,87.983329,102.618376,104.095294,16.320769,11.166138,4.477147,4.631017,9.474173,2.792438,4.645307,21.916667,0
2014-01-01,44877.000000,245.481000,234.722000,235.288000,13079.500000,11.910000,209.300000,False,2025,69963.699300,87.835321,102.546715,104.693916,16.308687,11.155732,4.475464,4.630318,9.478801,2.791698,4.651041,22.000000,0
2014-02-01,45401.000000,246.187000,235.781000,235.547000,13148.000000,11.930000,210.100000,False,2025,70577.640299,87.991076,102.896111,104.978525,16.318110,11.164469,4.477235,4.633720,9.484025,2.792276,4.653756,22.083333,0
2014-03-01,45945.000000,246.878000,237.055000,236.028000,13219.900000,11.950000,212.900000,False,2025,71223.399187,88.058230,103.241267,106.160787,16.312157,11.173577,4.477998,4.637069,9.489479,2.791911,4.664955,22.166667,0
2014-04-01,46114.000000,247.534000,237.942000,236.468000,13270.200000,11.960000,218.200000,False,2025,71295.934663,88.127930,103.434749,108.601134,16.295429,11.174595,4.478790,4.638941,9.493276,2.790885,4.687682,22.250000,0
2014-05-01,46466.000000,247.952000,239.611000,236.918000,13312.900000,12.010000,217.800000,False,2025,71719.045972,88.109076,103.962431,108.196151,16.332473,11.180512,4.478576,4.644030,9.496489,2.793155,4.683946,22.333333,0
2014-06-01,46687.000000,248.445000,239.682000,237.231000,13360.400000,12.060000,218.700000,False,2025,71917.161612,88.167781,103.856029,108.499900,16.378830,11.183270,4.479242,4.643006,9.500050,2.795990,4.686749,22.416667,0
2014-07-01,47034.000000,249.210000,240.154000,237.498000,13386.800000,12.110000,219.900000,False,2025,72229.279225,88.339838,103.943563,108.972588,16.428246,11.187601,4.481191,4.643848,9.502024,2.799002,4.691096,22.500000,0
2014-08-01,47362.000000,249.801000,240.692000,237.460000,13445.900000,12.160000,219.800000,False,2025,72560.905260,88.563505,104.193092,108.940463,16.498715,11.192182,4.483720,4.646246,9.506430,2.803282,4.690802,22.583333,0
2014-09-01,47912.000000,250.570000,241.328000,237.477000,13486.300000,12.200000,220.200000,False,2025,73178.256579,88.829784,104.460931,109.130904,16.551802,11.200654,4.486722,4.648813,9.509430,2.806495,4.692548,22.666667,0
2014-10-01,48580.000000,251.100000,241.620000,237.430000,13550.700000,12.240000,218.600000,False,2025,74041.912694,89.035296,104.608029,108.359392,16.609357,11.212387,4.489033,4.650220,9.514193,2.809966,4.685453,22.750000,0
2014-11-01,48654.000000,251.987000,241.912000,236.983000,13624.400000,12.270000,217.000000,False,2025,73893.671591,89.518342,104.932000,107.769169,16.681472,11.210382,4.494444,4.653313,9.519618,2.814299,4.679992,22.833333,0
2014-12-01,49428.000000,252.628000,242.893000,236.252000,13719.100000,12.300000,215.300000,False,2025,74878.715469,90.023746,105.683512,107.255736,16.773999,11.223625,4.500073,4.660449,9.526544,2.819830,4.675216,22.916667,0
2015-01-01,49585.000000,253.037000,242.553000,234.747000,13797.700000,12.310000,213.000000,False,2025,74995.139799,90.747583,106.212183,106.790236,16.895265,11.225179,4.508082,4.665439,9.532257,2.827033,4.670866,23.000000,0
2015-02-01,49525.000000,253.719000,242.598000,235.342000,13848.000000,12.320000,210.300000,False,2025,74703.048439,90.762122,105.963309,105.169988,16.866240,11.221276,4.508242,4.663093,9.535896,2.825314,4.655578,23.083333,0
2015-03-01,49966.000000,254.108000,241.633000,235.976000,13811.300000,12.340000,209.200000,False,2025,75252.871611,90.657052,105.258250,104.338800,16.848232,11.228609,4.507084,4.656417,9.533242,2.824246,4.647643,23.166667,0
2015-04-01,50577.000000,254.727000,241.106000,236.222000,13842.000000,12.350000,208.400000,False,2025,75987.982842,90.783250,104.919306,103.831557,16.844325,11.238330,4.508475,4.653192,9.535463,2.824014,4.642770,23.250000,0
2015-05-01,50757.000000,255.322000,241.107000,237.001000,13865.600000,12.370000,210.500000,False,2025,76080.706844,90.696212,104.574880,104.533120,16.816148,11.239550,4.507516,4.649903,9.537166,2.822340,4.649504,23.333333,0
2015-06-01,50803.000000,255.846000,241.922000,237.657000,13874.100000,12.380000,211.600000,False,2025,75993.694535,90.631488,104.638737,104.789326,16.783288,11.238406,4.506802,4.650514,9.537779,2.820384,4.651952,23.416667,0
2015-07-01,51039.000000,255.905000,242.250000,238.034000,13905.700000,12.410000,211.000000,False,2025,76329.113197,90.508812,104.614654,104.326696,16.797312,11.242810,4.505447,4.650284,9.540054,2.821219,4.647527,23.500000,0
2015-08-01,51279.000000,256.449000,242.864000,238.033000,13935.800000,12.430000,210.900000,False,2025,76525.357801,90.701596,104.880248,104.277690,16.824453,11.245377,4.507575,4.652819,9.542216,2.822833,4.647057,23.583333,0
2015-09-01,51316.000000,257.830000,243.198000,237.498000,13972.200000,12.460000,209.000000,False,2025,76170.390007,91.395451,105.261069,103.571036,16.903050,11.240728,4.515196,4.656444,9.544825,2.827494,4.640258,23.666667,0
2015-10-01,51677.000000,258.363000,243.284000,237.733000,13996.900000,12.510000,207.300000,False,2025,76547.992622,91.493857,105.194204,102.627045,16.954104,11.245673,4.516272,4.655808,9.546591,2.830510,4.631101,23.750000,0
2015-11-01,51773.000000,258.805000,242.606000,238.017000,13993.400000,12.550000,205.500000,False,2025,76559.219976,91.541026,104.775874,101.614537,16.988020,11.245820,4.516787,4.651824,9.546341,2.832508,4.621187,23.833333,0
2015-12-01,52598.000000,259.097000,241.880000,237.761000,14060.200000,12.580000,202.300000,False,2025,77691.530625,91.742982,104.574808,100.139924,17.046963,11.260502,4.518991,4.649903,9.551103,2.835972,4.606568,23.916667,0
2016-01-01,51928.000000,259.958000,241.558000,237.652000,14121.100000,12.670000,201.900000,False,2025,76447.843763,92.090070,104.483494,99.987760,17.176795,11.244364,4.522767,4.649029,9.555425,2.843559,4.605048,24.000000,0
2016-02-01,53033.000000,260.319000,241.741000,237.336000,14135.300000,12.680000,202.900000,False,2025,77966.342136,92.340737,104.701868,100.616782,17.213241,11.264033,4.525485,4.651117,9.556430,2.845679,4.611319,24.083333,0
2016-03-01,52858.000000,260.883000,240.414000,238.080000,14135.400000,12.720000,202.700000,False,2025,77541.067941,92.251610,103.801726,100.203485,17.213580,11.258563,4.524520,4.642483,9.556438,2.845699,4.607203,24.166667,0
2016-04-01,53142.000000,261.517000,240.341000,238.992000,14106.200000,12.760000,203.400000,False,2025,77768.693134,92.122910,103.374217,100.165826,17.201817,11.261494,4.523124,4.638356,9.554370,2.845015,4.606827,24.250000,0
2016-05-01,53191.000000,262.074000,239.348000,239.557000,14095.500000,12.770000,204.400000,False,2025,77674.961971,92.101385,102.704310,100.420879,17.174695,11.260288,4.522890,4.631854,9.553611,2.843437,4.609370,24.333333,0
2016-06-01,53177.000000,262.529000,238.763000,240.222000,14104.900000,12.840000,206.200000,False,2025,77519.931438,92.005882,102.169668,101.024771,17.221035,11.258290,4.521853,4.626635,9.554278,2.846132,4.615366,24.416667,0
2016-07-01,53244.000000,263.051000,238.380000,240.101000,14160.100000,12.920000,205.800000,False,2025,77463.577308,92.235281,102.057184,100.879610,17.337064,11.257563,4.524343,4.625533,9.558183,2.852847,4.613928,24.500000,0
2016-08-01,53653.000000,263.649000,238.133000,240.545000,14176.700000,12.940000,204.400000,False,2025,77881.572814,92.274326,101.763253,100.008416,17.331851,11.262945,4.524766,4.622649,9.559355,2.852546,4.605254,24.583333,0
2016-09-01,54259.000000,264.102000,237.880000,241.176000,14209.100000,12.960000,204.300000,False,2025,78626.134827,92.191035,101.389172,99.697960,17.313223,11.272459,4.523863,4.618966,9.561638,2.851471,4.602145,24.666667,0
2016-10-01,54210.000000,264.459000,237.714000,241.741000,14235.400000,13.010000,202.500000,False,2025,78449.085865,92.099893,101.081617,98.588601,17.339397,11.270205,4.522874,4.615928,9.563487,2.852981,4.590956,24.750000,0
2016-11-01,55154.000000,264.699000,237.438000,242.026000,14273.600000,13.050000,200.900000,False,2025,79742.811876,92.074923,100.845364,97.694453,17.372227,11.286562,4.522603,4.613588,9.566167,2.854873,4.581845,24.833333,0
2016-12-01,54191.000000,265.104000,237.147000,242.637000,14313.700000,13.010000,202.300000,False,2025,78230.790024,91.983587,100.468135,98.127526,17.275367,11.267419,4.521610,4.609841,9.568972,2.849282,4.586268,24.916667,0
2017-01-01,56082.000000,266.079000,237.072000,243.618000,14373.700000,13.130000,202.600000,False,2025,80663.994546,91.950123,100.031924,97.877318,17.364503,11.298048,4.521246,4.605489,9.573155,2.854428,4.583715,25.000000,0
2017-02-01,56129.000000,266.626000,237.824000,244.006000,14416.800000,13.200000,203.200000,False,2025,80565.969753,91.992640,100.189661,98.011084,17.429319,11.296832,4.521709,4.607065,9.576149,2.858154,4.585081,25.083333,0
2017-03-01,56044.000000,267.055000,238.387000,243.892000,14476.300000,13.260000,204.700000,False,2025,80314.737131,92.183724,100.473781,98.780741,17.516727,11.293708,4.523784,4.609897,9.580268,2.863156,4.592903,25.166667,0
2017-04-01,56142.000000,267.652000,238.568000,244.193000,14509.300000,13.310000,205.100000,False,2025,80275.721636,92.275917,100.426127,98.851768,17.561105,11.293223,4.524783,4.609422,9.582545,2.865687,4.593621,25.250000,0
2017-05-01,56199.000000,268.128000,238.893000,244.004000,14610.700000,13.370000,206.400000,False,2025,80214.568294,92.511625,100.640831,99.555381,17.653933,11.292460,4.527334,4.611558,9.589509,2.870959,4.600714,25.333333,0
2017-06-01,56117.000000,268.225000,238.494000,244.163000,14618.700000,13.400000,208.800000,False,2025,80068.560958,92.484827,100.407312,100.647417,17.682023,11.290639,4.527045,4.609235,9.590057,2.872548,4.611623,25.416667,0
2017-07-01,56030.000000,268.649000,238.904000,244.243000,14660.200000,13.410000,207.700000,False,2025,79818.254381,92.600683,100.546980,100.084394,17.689422,11.287508,4.528297,4.610625,9.592892,2.872967,4.606014,25.500000,0
2017-08-01,56414.000000,269.522000,238.804000,245.183000,14678.300000,13.420000,207.500000,False,2025,80104.977899,92.545425,100.119570,99.604679,17.634744,11.291093,4.527700,4.606365,9.594125,2.869871,4.601209,25.583333,0
2017-09-01,56703.000000,270.353000,238.852000,246.435000,14706.000000,13.450000,205.800000,False,2025,80267.858262,92.359143,99.630940,98.286750,17.584373,11.293125,4.525685,4.601473,9.596011,2.867011,4.587889,25.666667,0
2017-10-01,57108.000000,270.658000,239.020000,246.626000,14748.600000,13.470000,205.100000,False,2025,80750.071202,92.391730,99.623803,97.876582,17.596883,11.299114,4.526037,4.601401,9.598903,2.867722,4.583707,25.750000,0
2017-11-01,57725.000000,271.152000,238.940000,247.284000,14771.100000,13.510000,204.300000,False,2025,81473.797803,92.314067,99.325458,97.235386,17.602175,11.308037,4.525197,4.598402,9.600428,2.868022,4.577135,25.833333,0
2017-12-01,58041.000000,271.811000,239.371000,247.805000,14797.900000,13.640000,203.900000,False,2025,81721.191388,92.343866,99.295417,96.840975,17.734188,11.311069,4.525519,4.598099,9.602241,2.875494,4.573070,25.916667,0
2018-01-01,58035.000000,272.772000,239.854000,248.859000,14886.600000,13.610000,204.500000,False,2025,81424.862186,92.277862,99.074376,96.714581,17.620238,11.307436,4.524804,4.595871,9.608217,2.869048,4.571764,26.000000,0
2018-02-01,58224.000000,273.435000,239.187000,249.529000,14921.100000,13.630000,205.100000,False,2025,81491.960437,92.253779,98.533584,96.737894,17.598750,11.308260,4.524543,4.590397,9.610532,2.867828,4.572005,26.083333,0
2018-03-01,58633.000000,273.733000,239.149000,249.577000,14974.800000,13.680000,207.400000,False,2025,81975.068839,92.336559,98.498982,97.803903,17.659912,11.314170,4.525440,4.590046,9.614124,2.871297,4.582964,26.166667,0
2018-04-01,57761.000000,274.393000,239.541000,250.227000,15007.200000,13.750000,207.700000,False,2025,80561.678641,92.318757,98.404152,97.690947,17.704168,11.296778,4.525247,4.589083,9.616285,2.873800,4.581809,26.250000,0
2018-05-01,59024.000000,275.307000,238.884000,250.792000,15057.800000,13.790000,208.600000,False,2025,82049.930085,92.417595,97.913171,97.893221,17.715670,11.315083,4.526317,4.584081,9.619651,2.874450,4.583877,26.333333,0
2018-06-01,59569.000000,275.808000,239.048000,251.018000,15119.300000,13.840000,207.800000,False,2025,82657.122423,92.502417,97.892176,97.429993,17.763896,11.322456,4.527235,4.583867,9.623727,2.877168,4.579134,26.416667,0
2018-07-01,60328.000000,276.125000,239.565000,251.214000,15184.700000,13.890000,206.500000,False,2025,83614.198349,92.536481,98.027350,96.744929,17.814162,11.333969,4.527603,4.585247,9.628044,2.879994,4.572078,26.500000,0
2018-08-01,60555.000000,276.648000,239.795000,251.663000,15238.600000,13.930000,205.500000,False,2025,83770.152299,92.546341,97.946402,96.104661,17.833589,11.335832,4.527710,4.584420,9.631587,2.881084,4.565438,26.583333,0
2018-09-01,59136.000000,277.258000,239.967000,252.182000,15237.500000,13.980000,204.900000,False,2025,81627.160724,92.559519,97.814935,95.626854,17.860766,11.309917,4.527852,4.583077,9.631515,2.882606,4.560454,26.666667,0
2018-10-01,59539.000000,277.513000,239.558000,252.772000,15274.100000,14.030000,205.200000,False,2025,82107.917107,92.428404,97.420297,95.543332,17.882808,11.315790,4.526434,4.579035,9.633914,2.883840,4.559580,26.750000,0
2018-11-01,59260.000000,278.306000,240.227000,252.594000,15315.200000,14.120000,204.800000,False,2025,81490.298601,92.757840,97.761199,95.424285,18.010206,11.308239,4.529992,4.582528,9.636601,2.890939,4.558333,26.833333,0
2018-12-01,59160.000000,279.419000,241.137000,252.767000,15506.500000,14.220000,205.600000,False,2025,81028.735716,93.065057,98.064363,95.731470,18.125343,11.302559,4.533299,4.585624,9.649015,2.897311,4.561547,26.916667,0
2019-01-01,59180.000000,280.380000,241.581000,252.561000,15536.300000,14.250000,206.200000,False,2025,80778.309624,93.461303,98.325060,96.089153,18.178397,11.299464,4.537547,4.588279,9.650935,2.900234,4.565276,27.000000,0
2019-02-01,59521.000000,281.373000,242.111000,253.319000,15560.400000,14.290000,206.700000,False,2025,80957.041604,93.511655,98.245912,96.033931,18.174876,11.301674,4.538086,4.587474,9.652485,2.900040,4.564702,27.083333,0
2019-03-01,59966.000000,281.887000,242.482000,254.277000,15566.500000,14.300000,207.500000,False,2025,81413.582213,93.329525,98.025747,96.042402,18.119072,11.307297,4.536137,4.585230,9.652876,2.896965,4.564790,27.166667,0
2019-04-01,60375.000000,282.798000,241.219000,255.233000,15534.200000,14.340000,209.100000,False,2025,81704.813208,93.280442,97.149914,96.420460,18.101699,11.310868,4.535610,4.576255,9.650799,2.896006,4.568718,27.250000,0
2019-05-01,60963.000000,283.394000,241.642000,255.296000,15532.400000,14.420000,209.600000,False,2025,82327.041864,93.453964,97.296260,96.627170,18.198192,11.318455,4.537469,4.577761,9.650683,2.901322,4.570860,27.333333,0
2019-06-01,61763.000000,284.316000,241.214000,255.213000,15562.100000,14.440000,209.700000,False,2025,83136.916678,93.788501,97.155513,96.704711,18.229359,11.328244,4.541042,4.576313,9.652594,2.903033,4.571662,27.416667,0
2019-07-01,62382.000000,284.891000,240.988000,255.802000,15581.400000,14.480000,209.500000,False,2025,83800.651713,93.761788,96.840989,96.390023,18.237766,11.336196,4.540757,4.573070,9.653833,2.903494,4.568403,27.500000,0
2019-08-01,62517.000000,285.507000,240.943000,256.036000,15664.300000,14.540000,209.500000,False,2025,83800.806855,93.878646,96.734416,96.301929,18.296599,11.336198,4.542003,4.571969,9.659140,2.906715,4.567488,27.583333,0
2019-09-01,63008.000000,286.246000,241.409000,256.430000,15697.500000,14.620000,209.900000,False,2025,84240.919643,93.977023,96.772589,96.337550,18.369001,11.341436,4.543050,4.572364,9.661257,2.910665,4.567858,27.666667,0
2019-10-01,63294.000000,286.791000,241.999000,257.155000,15718.100000,14.670000,209.700000,False,2025,84462.485201,93.890496,96.735601,95.974410,18.379858,11.344063,4.542129,4.571981,9.662568,2.911255,4.564082,27.750000,0
2019-11-01,63287.000000,287.255000,242.726000,257.879000,15766.900000,14.790000,211.100000,False,2025,84316.727791,93.778376,96.753805,96.343906,18.478180,11.342336,4.540934,4.572170,9.665668,2.916591,4.567924,27.833333,0
2019-12-01,64249.000000,288.078000,242.887000,258.630000,15683.800000,14.810000,211.100000,False,2025,85353.849084,93.773965,96.536846,96.064146,18.449439,11.354561,4.540887,4.569925,9.660384,2.915034,4.565016,27.916667,0
2020-01-01,65252.000000,289.137000,243.511000,259.127000,15842.800000,14.900000,210.700000,False,2025,86368.820433,93.938169,96.599227,95.698220,18.525955,11.366382,4.542637,4.570571,9.670470,2.919173,4.561200,28.000000,0
2020-02-01,65192.000000,289.781000,244.200000,259.250000,15900.300000,14.970000,209.400000,False,2025,86097.636460,94.102732,96.826588,95.062647,18.604159,11.363237,4.544387,4.572922,9.674093,2.923385,4.554536,28.083333,0
2020-03-01,45810.000000,290.216000,245.017000,258.076000,15702.300000,14.640000,209.300000,False,2025,60409.573727,94.672713,97.592475,95.449488,18.276813,11.008903,4.550426,4.580800,9.661562,2.905633,4.558597,28.166667,1
2020-04-01,29776.000000,290.639000,251.063000,256.032000,18015.300000,14.650000,210.000000,False,2025,39208.415932,95.567611,100.798994,96.533275,18.435307,10.576647,4.559834,4.613128,9.798977,2.914268,4.569888,28.250000,1
2020-05-01,38993.000000,291.709000,253.230000,255.802000,17110.000000,14.560000,224.100000,False,2025,51156.833260,96.005692,101.760435,103.107419,18.338527,10.842651,4.564407,4.622621,9.747418,2.909004,4.635771,28.333333,1
2020-06-01,50002.000000,293.219000,254.674000,257.042000,17050.200000,14.520000,212.700000,False,2025,65262.258465,96.037115,101.847002,97.390230,18.199922,11.086169,4.564735,4.623472,9.743917,2.901417,4.578726,28.416667,1
2020-07-01,52140.000000,294.599000,252.003000,258.352000,17202.900000,14.520000,210.200000,False,2025,67733.979180,95.999844,100.267830,95.757517,18.107637,11.123343,4.564347,4.607845,9.752833,2.896334,4.561819,28.500000,1
2020-08-01,54417.000000,295.437000,252.148000,259.316000,16542.000000,14.680000,209.600000,False,2025,70491.465948,95.915028,99.952566,95.129225,18.239114,11.163247,4.563463,4.604696,9.713658,2.903568,4.555236,28.583333,1
2020-09-01,55854.000000,297.080000,251.166000,259.997000,16633.700000,14.790000,210.000000,False,2025,71952.799661,96.195812,99.302515,95.061125,18.327652,11.183766,4.566386,4.598171,9.719186,2.908411,4.554520,28.666667,1
2020-10-01,55630.000000,297.893000,251.641000,260.319000,16573.600000,14.760000,211.800000,False,2025,71468.652406,96.339751,99.367250,95.757342,18.267852,11.177014,4.567881,4.598823,9.715566,2.905143,4.561817,28.750000,1
2020-11-01,53255.000000,298.253000,251.365000,260.911000,16381.800000,14.690000,213.800000,False,2025,68334.874270,96.237320,99.033049,96.442243,18.139963,11.132176,4.566817,4.595454,9.703926,2.898117,4.568944,28.833333,1
2020-12-01,50277.000000,299.369000,252.536000,262.045000,16397.700000,14.700000,212.800000,False,2025,64273.116765,96.179394,99.063839,95.575755,18.073758,11.070897,4.566215,4.595764,9.704896,2.894461,4.559919,28.916667,1
2021-01-01,55014.000000,300.382000,252.541000,262.687000,18207.300000,14.850000,213.400000,False,2025,70091.628421,96.268989,98.823686,95.610993,18.213561,11.157559,4.567146,4.593337,9.809578,2.902166,4.560288,29.000000,1
2021-02-01,53506.000000,300.540000,252.822000,263.579000,16695.600000,15.060000,217.100000,False,2025,68134.493933,95.993663,98.598837,96.939552,18.408617,11.129239,4.564282,4.591059,9.722900,2.912819,4.574088,29.083333,1
2021-03-01,60811.000000,300.897000,252.933000,264.961000,20510.300000,15.210000,219.800000,False,2025,77344.799653,95.606406,98.127622,97.633246,18.494997,11.256029,4.560240,4.586269,9.928682,2.917500,4.581218,29.166667,1
2021-04-01,63378.000000,301.819000,254.125000,266.614000,17406.300000,15.600000,225.200000,False,2025,80363.489418,95.304787,97.978813,99.411683,18.851619,11.294315,4.557080,4.584751,9.764587,2.936599,4.599270,29.250000,1
2021-05-01,65084.000000,303.481000,255.043000,268.383000,16916.500000,15.750000,231.100000,False,2025,82074.748648,95.197949,97.684608,101.343742,18.907432,11.315386,4.555958,4.581744,9.736045,2.939555,4.618518,29.333333,1
2021-06-01,68017.000000,305.634000,257.058000,270.654000,16839.300000,16.140000,235.600000,False,2025,85169.213914,95.068864,97.630251,102.450204,19.213040,11.352395,4.554602,4.581187,9.731471,2.955589,4.629377,29.416667,1
2021-07-01,69445.000000,308.023000,258.491000,271.903000,16968.000000,16.390000,232.370000,False,2025,86282.886852,95.371856,97.723533,100.581487,19.421016,11.365387,4.557784,4.582142,9.739084,2.966356,4.610968,29.500000,0
2021-08-01,69255.000000,309.336000,259.613000,272.676000,16950.200000,16.570000,236.411000,False,2025,85681.586545,95.506876,97.869474,102.040542,19.578643,11.358393,4.559198,4.583635,9.738035,2.974439,4.625370,29.583333,0
2021-09-01,69270.000000,310.996000,262.459000,273.910000,16772.100000,16.760000,239.343000,False,2025,85242.703656,95.586818,98.496617,102.840655,19.713926,11.353258,4.560035,4.590022,9.727472,2.981325,4.633181,29.666667,0
2021-10-01,69375.000000,313.592000,265.084000,276.550000,16775.800000,16.960000,237.612000,False,2025,84665.183234,95.464610,98.532065,101.122244,19.758737,11.346460,4.558756,4.590382,9.727693,2.983596,4.616330,29.750000,0
2021-11-01,70058.000000,315.481000,267.473000,278.919000,16727.100000,17.010000,237.801000,False,2025,84986.776629,95.223951,98.575635,100.343113,19.648673,11.350251,4.556231,4.590824,9.724785,2.978010,4.608595,29.833333,0
2021-12-01,69105.000000,317.372000,268.985000,280.845000,16647.100000,17.120000,237.908000,False,2025,83331.211163,95.137777,98.453033,99.699813,19.640117,11.330578,4.555326,4.589580,9.719991,2.977574,4.602164,29.916667,0
2022-01-01,67818.000000,319.471000,271.176000,282.543000,16235.800000,17.060000,241.889000,False,2025,81241.955476,95.191458,98.658483,100.758933,19.453667,11.305187,4.555890,4.591664,9.694974,2.968036,4.612731,30.000000,0
2022-02-01,70713.000000,320.880000,274.728000,284.500000,16227.200000,17.260000,246.227000,False,2025,84338.028573,94.953607,99.263226,101.860404,19.546343,11.342588,4.553388,4.597775,9.694444,2.972788,4.623603,30.083333,0
2022-03-01,72679.000000,321.689000,278.333000,287.674000,16140.300000,17.470000,250.367000,False,2025,86464.844330,94.142708,99.456191,102.430305,19.565876,11.367493,4.544812,4.599717,9.689075,2.973787,4.629183,30.166667,0
2022-04-01,75135.000000,323.559000,281.593000,288.561000,16146.300000,17.630000,256.578000,False,2025,88870.093617,94.398901,100.311784,104.648685,19.684377,11.394931,4.547529,4.608283,9.689446,2.979825,4.650609,30.250000,0
2022-05-01,75804.000000,325.952000,285.522000,291.298000,16123.300000,17.710000,259.935000,False,2025,89003.134985,94.203543,100.755742,105.021750,19.587908,11.396427,4.545458,4.612699,9.688021,2.974912,4.654167,30.333333,0
2022-06-01,76164.000000,329.033000,288.568000,294.957000,16081.500000,17.790000,261.688000,False,2025,88588.453163,93.914324,100.567394,104.418414,19.432302,11.391757,4.542383,4.610828,9.685425,2.966937,4.648406,30.416667,0
2022-07-01,75711.000000,331.342000,292.455000,294.913000,16264.800000,17.900000,261.656000,False,2025,87447.887888,94.587481,101.937239,104.421223,19.555374,11.378798,4.549525,4.624357,9.696759,2.973250,4.648433,30.500000,0
2022-08-01,77315.000000,334.212000,294.884000,295.097000,16370.100000,18.030000,262.307000,False,2025,88533.687295,95.347285,102.719796,104.615751,19.685114,11.391138,4.557526,4.632005,9.703212,2.979863,4.650294,30.583333,0
2022-09-01,77129.000000,337.369000,296.403000,296.349000,16432.600000,18.110000,262.053000,False,2025,87494.218871,95.841322,102.812723,104.072901,19.688924,11.379328,4.562694,4.632909,9.707022,2.980056,4.645092,30.666667,0
2022-10-01,77788.000000,340.532000,297.966000,298.007000,16480.200000,18.190000,260.317000,False,2025,87422.155000,96.201657,102.779850,102.808272,19.665873,11.378504,4.566447,4.632589,9.709915,2.978885,4.632866,30.750000,0
2022-11-01,76944.000000,342.266000,299.449000,298.786000,16511.200000,18.250000,262.159000,False,2025,86035.528688,96.439423,103.022090,103.265802,19.679299,11.362516,4.568915,4.634943,9.711794,2.979567,4.637306,30.833333,0
2022-12-01,76259.000000,343.559000,300.576000,298.832000,16590.500000,18.330000,260.136000,False,2025,84948.674638,96.788847,103.393904,102.453158,19.762522,11.349803,4.572532,4.638546,9.716586,2.983787,4.629406,30.916667,0
2023-01-01,81068.000000,345.677000,301.676000,300.420000,16911.900000,18.300000,262.314000,False,2025,89752.345330,96.870765,103.223755,102.764857,19.625885,11.404809,4.573378,4.636899,9.735773,2.976849,4.632443,31.000000,0
2023-02-01,78417.000000,347.869000,302.444000,301.450000,17003.900000,18.310000,259.661000,False,2025,86270.303549,97.151952,103.132945,101.377932,19.569515,11.365241,4.576276,4.636019,9.741198,2.973973,4.618855,31.083333,0
2023-03-01,78269.000000,349.944000,301.467000,301.821000,17092.800000,18.420000,261.284000,False,2025,85596.905602,97.611320,102.673427,101.886198,19.662882,11.357404,4.580993,4.631553,9.746413,2.978733,4.623856,31.166667,0
2023-04-01,78022.000000,351.237000,301.811000,302.845000,17149.600000,18.480000,260.061000,False,2025,85012.668974,97.640712,102.443024,101.066404,19.660228,11.350556,4.581295,4.629307,9.749730,2.978598,4.615778,31.250000,0
2023-05-01,78552.000000,352.892000,302.184000,303.334000,17216.300000,18.620000,260.651000,False,2025,85188.753843,97.942641,102.404280,101.132396,19.777236,11.352625,4.584382,4.628929,9.753612,2.984532,4.616431,31.333333,0
2023-06-01,78979.000000,354.245000,302.057000,304.014000,17256.700000,18.750000,259.859000,False,2025,85324.692713,98.098244,102.132286,100.599581,19.870770,11.354219,4.585969,4.626269,9.755956,2.989250,4.611148,31.416667,0
2023-07-01,79404.000000,354.862000,302.984000,304.609000,17305.200000,18.840000,259.429000,False,2025,85634.687300,98.077154,102.245616,100.236936,19.927149,11.357846,4.585754,4.627378,9.758762,2.992083,4.607537,31.500000,0
2023-08-01,79322.000000,356.083000,303.631000,306.082000,17348.500000,18.880000,260.617000,False,2025,85252.916875,97.941001,101.970853,100.211357,19.873356,11.353378,4.584365,4.624687,9.761261,2.989380,4.607282,31.583333,0
2023-09-01,79889.000000,357.488000,303.449000,307.276000,17369.500000,18.910000,261.778000,False,2025,85524.855328,97.945371,101.513734,100.266648,19.827588,11.356562,4.584410,4.620194,9.762471,2.987074,4.607833,31.666667,0
2023-10-01,79946.000000,358.824000,304.366000,307.696000,17435.900000,19.080000,261.355000,False,2025,85267.216802,98.177218,101.681518,99.967989,19.978530,11.353545,4.586774,4.621846,9.766287,2.994658,4.604850,31.750000,0
2023-11-01,80776.000000,360.383000,304.332000,308.148000,17524.800000,19.210000,259.459000,False,2025,85779.770197,98.459138,101.521027,99.097199,20.085147,11.359538,4.589642,4.620266,9.771372,2.999981,4.596101,31.833333,0
2023-12-01,81113.000000,361.564000,304.505000,308.741000,17589.400000,19.200000,259.991000,False,2025,85856.289090,98.592065,101.383634,99.109663,20.036134,11.360430,4.590991,4.618912,9.775052,2.997537,4.596227,31.916667,0
2024-01-01,80969.000000,363.249000,305.187000,309.698000,17679.600000,19.200000,258.563000,False,2025,85306.314529,98.745455,101.296715,98.260726,19.974220,11.354004,4.592545,4.618054,9.780167,2.994442,4.587624,32.000000,0
2024-02-01,81251.000000,363.596000,305.432000,310.967000,17681.000000,19.270000,259.800000,False,2025,85521.724458,98.436436,100.964330,98.327916,19.965234,11.356526,4.589411,4.614767,9.780246,2.993992,4.588308,32.083333,0
2024-03-01,80732.000000,364.546000,305.010000,312.345000,17699.200000,19.320000,261.938000,False,2025,84754.000314,98.258214,100.380014,98.699725,19.928727,11.347508,4.587599,4.608963,9.781275,2.992162,4.592082,32.166667,0
2024-04-01,80933.000000,365.813000,305.354000,313.023000,17747.200000,19.410000,262.992000,False,2025,84670.736089,98.386152,100.275560,98.882237,19.978197,11.346525,4.588900,4.607922,9.783983,2.994642,4.593930,32.250000,0
2024-05-01,81010.000000,367.099000,305.414000,313.175000,17820.500000,19.460000,263.673000,False,2025,84454.396358,98.684104,100.246585,99.090169,20.019939,11.343967,4.591924,4.607633,9.788105,2.996729,4.596030,32.333333,0
2024-06-01,81011.000000,368.616000,305.582000,313.044000,17869.800000,19.530000,265.221000,False,2025,84107.871487,99.133374,100.343702,99.713628,20.100361,11.339855,4.596466,4.608601,9.790867,3.000738,4.602302,32.416667,0
2024-07-01,81496.000000,369.383000,306.285000,313.569000,17862.800000,19.570000,266.343000,False,2025,84435.721820,99.173324,100.406156,99.967806,20.107807,11.343746,4.596869,4.609224,9.790476,3.001108,4.604848,32.500000,0
2024-08-01,81524.000000,370.348000,306.399000,314.062000,17865.200000,19.620000,265.932000,False,2025,84244.645683,99.276327,100.285856,99.656860,20.127536,11.341480,4.597907,4.608025,9.790610,3.002089,4.601733,32.583333,0
2024-09-01,82588.000000,371.604000,307.258000,314.732000,17875.400000,19.660000,267.145000,False,2025,85055.695543,99.400957,100.352924,99.898310,20.125636,11.351062,4.599162,4.608693,9.791181,3.001994,4.604153,32.666667,0
2024-10-01,83405.000000,372.486000,307.867000,315.631000,17914.400000,19.660000,266.221000,False,2025,85693.713621,99.353093,100.265430,99.269230,20.068313,11.358535,4.598680,4.607821,9.793360,2.999142,4.597836,32.750000,0
2024-11-01,83567.000000,373.530000,309.093000,316.528000,17955.400000,19.740000,267.888000,False,2025,85620.183671,99.349216,100.379440,99.607747,20.092872,11.357676,4.598641,4.608957,9.795646,3.000365,4.601240,32.833333,0
2024-12-01,83697.000000,374.644000,309.767000,317.604000,17963.900000,19.830000,267.755000,False,2025,85498.390913,99.307925,100.257511,99.221004,20.116098,11.356253,4.598225,4.607742,9.796119,3.001520,4.597350,32.916667,0
2025-01-01,84160.000000,375.532000,310.817000,318.961000,17955.600000,19.910000,268.831000,False,2025,85768.064186,99.119808,100.169363,99.195908,20.111325,11.359402,4.596329,4.606862,9.795657,3.001283,4.597097,33.000000,0
2025-02-01,83158.000000,376.991000,310.955000,319.679000,17957.400000,19.970000,270.797000,False,2025,84418.938092,99.281416,99.988757,99.696918,20.126625,11.343547,4.597958,4.605058,9.795758,3.002044,4.602135,33.083333,0
2025-03-01,85761.000000,378.363000,312.154000,319.785000,18073.000000,20.000000,270.878000,False,2025,86745.710303,99.609706,100.341029,99.693683,20.150179,11.370736,4.601260,4.608575,9.802174,3.003213,4.602102,33.166667,0
2025-04-01,86400.000000,380.039000,311.440000,320.302000,18190.100000,20.040000,271.936000,False,2025,87006.641950,99.889446,99.949925,99.921524,20.157890,11.373740,4.604064,4.604669,9.808633,3.003596,4.604385,33.250000,0
2025-05-01,85893.000000,381.228000,312.296000,320.620000,18072.000000,20.080000,273.336000,False,2025,86226.312235,100.102580,100.125234,100.336331,20.178092,11.364731,4.606195,4.606422,9.802119,3.004597,4.608528,33.333333,0
2025-06-01,86401.000000,382.750000,312.982000,321.435000,18088.600000,20.130000,274.942000,False,2025,86391.377942,100.247401,100.090747,100.669965,20.177047,11.366643,4.607641,4.606077,9.803037,3.004546,4.611847,33.416667,0
2025-07-01,86205.000000,383.808000,313.035000,322.169000,18144.400000,20.190000,275.335000,False,2025,85957.794683,100.295480,99.879620,100.584177,20.191081,11.361612,4.608121,4.603966,9.806117,3.005241,4.610995,33.500000,0
2025-08-01,86755.000000,384.909000,314.647000,323.291000,18174.000000,20.270000,277.133000,False,2025,86258.773679,100.234110,100.045536,100.889651,20.200733,11.365107,4.607509,4.605625,9.807747,3.005719,4.614027,33.583333,0
2025-09-01,87014.000000,385.451000,315.540000,324.245000,18192.700000,20.340000,279.089000,False,2025,86394.637783,100.079926,100.034284,101.302794,20.210854,11.366681,4.605969,4.605513,9.808776,3.006220,4.618114,33.666667,0
2025-10-01,86890.000000,386.326500,315.270000,324.654000,18168.400000,20.450000,275.226000,True,2025,86076.010353,100.180877,99.822771,99.774760,20.294556,11.362986,4.606977,4.603396,9.807439,3.010353,4.602915,33.750000,0
2025-11-01,87424.000000,387.202000,315.000000,325.063000,18201.500000,20.610000,274.436000,False,2025,86409.185779,100.281574,99.611791,99.363192,20.427605,11.366849,4.607982,4.601281,9.809259,3.016887,4.598782,33.833333,0
2025-12-01,87142.000000,389.889000,316.982000,326.031000,18208.600000,20.670000,273.059000,False,2025,85536.873501,100.677674,99.940942,98.571098,20.426247,11.356703,4.611924,4.604579,9.809649,3.016821,4.590778,33.916667,0
2026-01-01,86989.000000,390.471000,317.589000,326.588000,18322.500000,20.720000,273.433000,False,2025,85259.422195,100.655996,99.961546,98.537763,20.440736,11.353454,4.611709,4.604786,9.815885,3.017530,4.590440,34.000000,0
2026-02-01,87586.000000,391.706000,318.985000,327.460000,18284.800000,20.810000,273.987000,False,2025,85573.895081,100.705469,100.133579,98.474479,20.474855,11.357136,4.612200,4.606505,9.813825,3.019198,4.589797,34.083333,0
2026-03-01,87793.000000,392.652000,318.462000,330.293000,18301.600000,20.850000,275.482000,False,2025,85569.482833,100.082820,99.111941,98.162554,20.338255,11.357084,4.605998,4.596250,9.814744,3.012504,4.586625,34.166667,0
2026-04-01,88700.000000,393.546000,320.633000,332.407000,18231.900000,20.920000,277.749000,False,2025,86257.119022,99.672748,99.152985,98.340936,20.276758,11.365088,4.601892,4.596664,9.810928,3.009475,4.588440,34.250000,0
2026-05-01,89532.000000,394.728000,320.836000,333.979000,18292.800000,21.040000,278.467000,False,2025,86805.488079,99.501554,98.748764,98.131078,20.297081,11.371425,4.600173,4.592579,9.814263,3.010477,4.586304,34.333333,0
2026-06-01,90105.000000,395.633000,321.446000,332.568000,18358.400000,21.070000,279.518000,False,2025,87161.202489,100.152810,99.356275,98.919364,20.412259,11.375515,4.606697,4.598712,9.817843,3.016136,4.594305,34.416667,0
2026-07-01,90507.000000,396.859000,321.216000,332.813000,18415.400000,21.110000,278.303000,False,2025,87279.604064,100.389211,99.212095,98.416881,20.435956,11.376872,4.609055,4.597260,9.820943,3.017296,4.589212,34.500000,0
2026-08-01,91416.000000,397.868000,321.335000,334.131000,18410.500000,21.240000,277.528000,False,2025,87932.624370,100.247449,98.857357,97.755686,20.480698,11.384326,4.607642,4.593678,9.820676,3.019483,4.582471,34.583333,0
