observation_date,RSFSDP,CUSR0000SEFV,CUSR0000SAF11,CPIAUCSL,DSPIC96,CES7000000008,WPU02
1947-01-01,,,,21.480,,,31.500
1947-02-01,,,,21.620,,,31.600
1947-03-01,,,,22.000,,,32.900
1947-04-01,,,,22.000,,,32.100
1947-05-01,,,,21.950,,,31.500
1947-06-01,,,,22.080,,,31.700
1947-07-01,,,,22.230,,,32.300
1947-08-01,,,,22.400,,,32.800
1947-09-01,,,,22.840,,,34.200
1947-10-01,,,,22.910,,,34.500
1947-11-01,,,,23.060,,,34.900
1947-12-01,,,,23.410,,,35.600
1948-01-01,,,,23.680,,,36.700
1948-02-01,,,,23.670,,,35.000
1948-03-01,,,,23.500,,,34.900
1948-04-01,,,,23.820,,,35.400
1948-05-01,,,,24.010,,,35.700
1948-06-01,,,,24.150,,,35.900
1948-07-01,,,,24.400,,,36.100
1948-08-01,,,,24.430,,,35.800
1948-09-01,,,,24.360,,,35.600
1948-10-01,,,,24.310,,,34.500
1948-11-01,,,,24.160,,,34.100
1948-12-01,,,,24.050,,,33.600
1949-01-01,,,,24.010,,,32.900
1949-02-01,,,,23.910,,,32.000
1949-03-01,,,,23.910,,,32.100
1949-04-01,,,,23.920,,,32.000
1949-05-01,,,,23.910,,,31.900
1949-06-01,,,,23.920,,,31.900
1949-07-01,,,,23.700,,,32.100
1949-08-01,,,,23.700,,,32.500
1949-09-01,,,,23.750,,,32.200
1949-10-01,,,,23.670,,,31.800
1949-11-01,,,,23.700,,,31.600
1949-12-01,,,,23.610,,,31.500
1950-01-01,,,,23.510,,,31.300
1950-02-01,,,,23.610,,,31.500
1950-03-01,,,,23.640,,,31.700
1950-04-01,,,,23.650,,,31.700
1950-05-01,,,,23.770,,,32.400
1950-06-01,,,,23.880,,,32.400
1950-07-01,,,,24.070,,,34.200
1950-08-01,,,,24.200,,,34.700
1950-09-01,,,,24.340,,,34.900
1950-10-01,,,,24.500,,,34.100
1950-11-01,,,,24.600,,,34.200
1950-12-01,,,,24.980,,,35.300
1951-01-01,,,,25.380,,,36.400
1951-02-01,,,,25.830,,,37.200
1951-03-01,,,,25.880,,,37.000
1951-04-01,,,,25.920,,,37.000
1951-05-01,,,,25.990,,,37.000
1951-06-01,,,,25.930,,,36.700
1951-07-01,,,,25.910,,,36.600
1951-08-01,,,,25.860,,,36.700
1951-09-01,,,,26.030,,,36.700
1951-10-01,,,,26.160,,,37.000
1951-11-01,,,,26.320,,,37.000
1951-12-01,,,,26.470,,,36.900
1952-01-01,,,31.200,26.450,,,36.900
1952-02-01,,,30.700,26.410,,,36.800
1952-03-01,,,30.700,26.390,,,36.600
1952-04-01,,,30.800,26.460,,,36.300
1952-05-01,,,30.800,26.470,,,36.400
1952-06-01,,,30.600,26.530,,,36.300
1952-07-01,,,30.800,26.680,,,36.600
1952-08-01,,,30.900,26.690,,,36.900
1952-09-01,,,30.800,26.630,,,36.900
1952-10-01,,,30.800,26.690,,,36.400
1952-11-01,,,31.200,26.690,,,36.000
1952-12-01,,,30.900,26.710,,,35.000
1953-01-01,,21.400,30.600,26.640,,,35.200
1953-02-01,,21.400,30.200,26.590,,,35.100
1953-03-01,,21.500,30.300,26.630,,,34.800
1953-04-01,,21.400,30.100,26.690,,,34.400
1953-05-01,,21.400,30.100,26.700,,,34.800
1953-06-01,,21.500,30.400,26.770,,,34.200
1953-07-01,,21.500,30.100,26.790,,,34.800
1953-08-01,,21.500,30.300,26.850,,,34.700
1953-09-01,,21.600,30.400,26.890,,,35.200
1953-10-01,,21.700,30.400,26.950,,,34.700
1953-11-01,,21.700,30.200,26.850,,,34.400
1953-12-01,,21.800,30.300,26.870,,,34.900
1954-01-01,,21.800,30.500,26.940,,,35.500
1954-02-01,,21.800,30.400,26.990,,,35.200
1954-03-01,,21.800,30.300,26.930,,,35.400
1954-04-01,,21.900,30.300,26.860,,,36.000
1954-05-01,,21.900,30.400,26.930,,,36.200
1954-06-01,,21.900,30.200,26.940,,,35.400
1954-07-01,,22.000,30.200,26.860,,,35.800
1954-08-01,,21.900,30.100,26.850,,,35.700
1954-09-01,,22.000,29.800,26.810,,,35.300
1954-10-01,,21.900,29.800,26.720,,,34.600
1954-11-01,,21.900,29.900,26.780,,,34.700
1954-12-01,,22.000,29.600,26.770,,,34.600
1955-01-01,,22.000,29.600,26.770,,,34.700
1955-02-01,,22.000,29.800,26.820,,,34.500
1955-03-01,,22.100,29.800,26.790,,,34.000
1955-04-01,,22.100,29.800,26.790,,,34.200
1955-05-01,,22.100,29.600,26.770,,,33.900
1955-06-01,,22.100,29.400,26.710,,,34.200
1955-07-01,,22.100,29.400,26.760,,,34.200
1955-08-01,,22.200,29.300,26.720,,,33.800
1955-09-01,,22.200,29.500,26.850,,,33.600
1955-10-01,,22.300,29.400,26.820,,,33.400
1955-11-01,,22.300,29.300,26.880,,,32.800
1955-12-01,,22.300,29.300,26.870,,,32.600
1956-01-01,,22.300,29.100,26.830,,,32.700
1956-02-01,,22.300,29.100,26.860,,,32.800
1956-03-01,,22.400,29.100,26.890,,,32.800
1956-04-01,,22.400,29.200,26.930,,,33.400
1956-05-01,,22.500,29.400,27.030,,,34.200
1956-06-01,,22.500,29.900,27.150,,,34.000
1956-07-01,,22.500,30.100,27.290,,,33.800
1956-08-01,,22.600,29.900,27.310,,,34.000
1956-09-01,,22.700,29.900,27.350,,,34.300
1956-10-01,,22.800,30.000,27.510,,,34.200
1956-11-01,,22.800,30.100,27.510,,,34.300
1956-12-01,,22.900,30.100,27.630,,,34.200
1957-01-01,,23.000,30.100,27.670,,,34.600
1957-02-01,,23.100,30.400,27.800,,,34.400
1957-03-01,,23.200,30.200,27.860,,,34.400
1957-04-01,,23.200,30.300,27.930,,,34.500
1957-05-01,,23.300,30.400,28.000,,,34.500
1957-06-01,,23.400,30.600,28.110,,,34.800
1957-07-01,,23.400,30.800,28.190,,,35.200
1957-08-01,,23.500,31.200,28.280,,,35.100
1957-09-01,,23.600,30.900,28.320,,,35.000
1957-10-01,,23.700,30.800,28.320,,,34.600
1957-11-01,,23.800,30.800,28.410,,,34.800
1957-12-01,,23.800,30.900,28.470,,,35.100
1958-01-01,,23.800,31.600,28.640,,,35.800
1958-02-01,,23.900,31.800,28.700,,,35.900
1958-03-01,,24.000,32.400,28.870,,,36.400
1958-04-01,,24.000,32.500,28.940,,,36.900
1958-05-01,,24.000,32.400,28.940,,,37.100
1958-06-01,,24.200,32.200,28.910,,,37.200
1958-07-01,,24.200,32.000,28.890,,,37.200
1958-08-01,,24.200,32.000,28.940,,,36.600
1958-09-01,,24.300,31.800,28.910,,,36.400
1958-10-01,,24.200,31.700,28.910,,,36.100
1958-11-01,,24.300,31.800,28.950,,,36.100
1958-12-01,,24.300,31.600,28.970,,,36.300
1959-01-01,,24.400,31.700,29.010,2318.4,,36.300
1959-02-01,,24.500,31.400,29.000,2325.4,,35.900
1959-03-01,,24.500,31.200,28.970,2338.7,,35.800
1959-04-01,,24.600,31.100,28.980,2353.8,,35.900
1959-05-01,,24.700,31.000,29.040,2366.6,,35.900
1959-06-01,,24.800,31.200,29.110,2374.5,,35.700
1959-07-01,,24.900,31.200,29.150,2370.8,,35.600
1959-08-01,,24.900,31.100,29.180,2356.8,,35.100
1959-09-01,,25.000,31.100,29.250,2357.8,,35.400
1959-10-01,,25.000,31.200,29.350,2359.5,,35.200
1959-11-01,,25.100,31.100,29.350,2376.6,,35.000
1959-12-01,,25.100,31.100,29.410,2399.7,,34.900
1960-01-01,,25.200,31.000,29.370,2404.9,,35.200
1960-02-01,,25.300,30.900,29.410,2405.3,,35.100
1960-03-01,,25.300,31.000,29.410,2408.1,,35.600
1960-04-01,,25.400,31.400,29.540,2417.3,,35.600
1960-05-01,,25.400,31.500,29.570,2422.6,,35.400
1960-06-01,,25.400,31.500,29.610,2424.9,,35.500
1960-07-01,,25.500,31.400,29.550,2428.8,,35.800
1960-08-01,,25.500,31.500,29.610,2423.3,,35.500
1960-09-01,,25.500,31.500,29.610,2426.7,,35.600
1960-10-01,,25.500,31.800,29.750,2435.6,,35.900
1960-11-01,,25.600,32.000,29.780,2425.5,,35.900
1960-12-01,,25.700,32.100,29.810,2414.6,,36.000
1961-01-01,,25.700,32.000,29.840,2437.9,,36.500
1961-02-01,,25.800,32.000,29.840,2448.1,,36.600
1961-03-01,,25.800,32.000,29.840,2458.4,,36.500
1961-04-01,,25.900,31.900,29.810,2463.4,,36.300
1961-05-01,,25.900,31.800,29.840,2483.5,,36.100
1961-06-01,,25.900,31.600,29.840,2509.1,,35.600
1961-07-01,,26.000,31.700,29.920,2517.6,,35.900
1961-08-01,,26.000,31.700,29.940,2517.7,,36.000
1961-09-01,,26.200,31.700,29.980,2519.9,,36.000
1961-10-01,,26.200,31.700,29.980,2546.6,,35.900
1961-11-01,,26.300,31.500,29.980,2570.1,,36.100
1961-12-01,,26.300,31.600,30.010,2585.8,,36.400
1962-01-01,,26.300,31.700,30.040,2579.4,,36.700
1962-02-01,,26.400,31.900,30.110,2590.9,,36.600
1962-03-01,,26.500,32.000,30.170,2608.1,,36.500
1962-04-01,,26.500,32.000,30.210,2619.6,,36.200
1962-05-01,,26.600,32.000,30.240,2621.1,,36.000
1962-06-01,,26.700,31.900,30.210,2621.6,,36.000
1962-07-01,,26.800,31.700,30.220,2633.0,,36.500
1962-08-01,,26.900,31.800,30.280,2635.5,,36.600
1962-09-01,,26.800,32.300,30.420,2636.3,,37.300
1962-10-01,,26.900,32.200,30.380,2649.3,,36.700
1962-11-01,,27.000,32.200,30.380,2656.5,,36.700
1962-12-01,,27.000,32.000,30.380,2669.0,,36.600
1963-01-01,,27.100,32.400,30.440,2688.2,,36.700
1963-02-01,,27.200,32.400,30.480,2672.3,,36.600
1963-03-01,,27.200,32.300,30.510,2683.6,,36.100
1963-04-01,,27.200,32.200,30.480,2694.6,,36.100
1963-05-01,,27.300,32.200,30.510,2705.0,,36.700
1963-06-01,,27.300,32.300,30.610,2718.6,,36.900
1963-07-01,,27.300,32.500,30.690,2721.6,,37.100
1963-08-01,,27.300,32.500,30.750,2732.5,,36.800
1963-09-01,,27.400,32.400,30.720,2752.9,,36.900
1963-10-01,,27.500,32.300,30.750,2768.9,,37.200
1963-11-01,,27.500,32.500,30.780,2774.7,,37.200
1963-12-01,,27.500,32.500,30.880,2797.1,,36.700
1964-01-01,,27.600,32.700,30.940,2806.4,1.05,37.300
1964-02-01,,27.600,32.600,30.910,2815.3,1.06,36.800
1964-03-01,,27.700,32.600,30.940,2882.1,1.06,36.600
1964-04-01,,27.800,32.600,30.950,2897.7,1.07,36.500
1964-05-01,,27.800,32.600,30.980,2912.9,1.08,36.100
1964-06-01,,27.800,32.700,31.010,2922.5,1.09,36.300
1964-07-01,,27.800,32.700,31.020,2936.4,1.09,36.600
1964-08-01,,27.800,32.700,31.050,2949.4,1.10,36.500
1964-09-01,,27.800,32.900,31.080,2961.1,1.11,37.100
1964-10-01,,27.900,33.000,31.120,2960.2,1.11,36.900
1964-11-01,,27.900,33.100,31.210,2979.4,1.12,36.600
1964-12-01,,27.900,33.000,31.250,3008.0,1.13,36.700
1965-01-01,,28.000,32.800,31.280,3013.8,1.12,37.100
1965-02-01,,28.000,32.800,31.280,3014.5,1.13,37.000
1965-03-01,,28.100,32.900,31.310,3024.6,1.14,36.900
1965-04-01,,28.200,33.100,31.380,3027.8,1.15,37.100
1965-05-01,,28.200,33.400,31.480,3061.4,1.16,37.300
1965-06-01,,28.300,34.000,31.610,3065.8,1.16,38.300
1965-07-01,,28.300,34.000,31.580,3097.8,1.17,38.500
1965-08-01,,28.500,33.700,31.550,3113.1,1.18,38.500
1965-09-01,,28.600,33.700,31.620,3194.5,1.19,38.500
1965-10-01,,28.700,33.800,31.650,3178.9,1.21,38.500
1965-11-01,,28.800,33.900,31.750,3201.4,1.21,38.900
1965-12-01,,28.900,34.200,31.850,3214.6,1.22,39.300
1966-01-01,,29.000,34.400,31.880,3216.8,1.22,39.700
1966-02-01,,29.100,35.000,32.080,3230.2,1.22,40.200
1966-03-01,,29.300,35.300,32.180,3242.8,1.23,39.900
1966-04-01,,29.300,35.400,32.280,3230.5,1.24,39.700
1966-05-01,,29.500,35.200,32.350,3235.7,1.25,39.800
1966-06-01,,29.700,35.100,32.380,3249.2,1.26,39.900
1966-07-01,,29.800,34.900,32.450,3260.4,1.27,40.500
1966-08-01,,29.900,35.500,32.650,3277.2,1.27,41.200
1966-09-01,,30.000,35.600,32.750,3296.6,1.28,41.100
1966-10-01,,30.100,35.600,32.850,3307.3,1.30,40.600
1966-11-01,,30.300,35.500,32.880,3322.5,1.31,40.100
1966-12-01,,30.400,35.300,32.920,3319.6,1.31,40.200
1967-01-01,,30.600,35.100,32.900,3353.7,1.32,40.200
1967-02-01,,30.800,35.000,33.000,3360.2,1.33,39.700
1967-03-01,,30.800,34.900,33.000,3385.5,1.34,39.400
1967-04-01,,31.000,34.700,33.100,3384.5,1.35,39.200
1967-05-01,,31.100,34.700,33.100,3391.3,1.36,39.400
1967-06-01,,31.200,35.000,33.300,3403.8,1.37,40.100
1967-07-01,,31.300,35.200,33.400,3417.4,1.38,40.300
1967-08-01,,31.400,35.300,33.500,3429.7,1.39,39.900
1967-09-01,,31.500,35.300,33.600,3429.3,1.40,40.100
1967-10-01,,31.600,35.400,33.700,3434.5,1.41,39.800
1967-11-01,,31.800,35.400,33.900,3455.3,1.42,39.500
1967-12-01,,31.900,35.600,34.000,3461.6,1.42,39.700
1968-01-01,,32.000,35.600,34.100,3480.2,1.45,40.000
1968-02-01,,32.200,35.800,34.200,3505.4,1.47,40.300
1968-03-01,,32.300,35.900,34.300,3538.4,1.48,40.200
1968-04-01,,32.400,36.000,34.400,3550.7,1.49,40.200
1968-05-01,,32.600,36.100,34.500,3565.2,1.50,40.500
1968-06-01,,32.800,36.100,34.700,3581.3,1.52,40.900
1968-07-01,,32.900,36.200,34.900,3573.9,1.53,41.300
1968-08-01,,33.100,36.300,35.000,3578.5,1.55,41.000
1968-09-01,,33.300,36.500,35.100,3578.9,1.56,41.000
1968-10-01,,33.400,36.900,35.300,3591.7,1.57,40.700
1968-11-01,,33.600,36.800,35.400,3605.1,1.59,40.800
1968-12-01,,33.700,37.000,35.600,3617.6,1.60,40.900
1969-01-01,,33.800,37.000,35.700,3611.0,1.60,41.300
1969-02-01,,34.000,37.000,35.800,3611.8,1.63,41.400
1969-03-01,,34.100,37.100,36.100,3618.3,1.65,41.500
1969-04-01,,34.300,37.300,36.300,3613.0,1.66,41.800
1969-05-01,,34.500,37.500,36.400,3654.1,1.67,42.500
1969-06-01,,34.700,38.000,36.600,3679.9,1.68,43.300
1969-07-01,,34.900,38.200,36.800,3705.6,1.68,43.500
1969-08-01,,35.100,38.400,36.900,3728.3,1.70,43.300
1969-09-01,,35.300,38.600,37.100,3736.6,1.72,43.200
1969-10-01,,35.600,38.700,37.300,3745.4,1.73,43.300
1969-11-01,,35.900,39.100,37.500,3751.9,1.75,43.300
1969-12-01,,36.100,39.600,37.700,3758.6,1.75,43.700
1970-01-01,,36.300,39.600,37.900,3778.6,1.76,44.600
1970-02-01,,36.600,39.900,38.100,3790.5,1.77,44.700
1970-03-01,,36.800,39.800,38.300,3805.0,1.78,44.500
1970-04-01,,37.200,39.800,38.500,3846.0,1.79,44.500
1970-05-01,,37.400,40.000,38.600,3830.3,1.81,44.200
1970-06-01,,37.500,39.900,38.800,3838.2,1.80,44.500
1970-07-01,,37.700,39.900,38.900,3892.6,1.82,45.100
1970-08-01,,37.800,39.900,39.000,3905.1,1.83,44.900
1970-09-01,,37.900,40.100,39.200,3900.8,1.86,45.000
1970-10-01,,38.000,40.200,39.400,3888.1,1.85,44.500
1970-11-01,,38.200,40.100,39.600,3882.3,1.85,44.500
1970-12-01,,38.300,40.100,39.800,3900.0,1.86,44.000
1971-01-01,,38.600,39.900,39.900,3959.8,1.89,44.500
1971-02-01,,38.800,40.000,39.900,3965.2,1.89,45.100
1971-03-01,,38.900,40.300,40.000,3978.2,1.90,45.200
1971-04-01,,39.000,40.700,40.100,3986.5,1.92,45.200
1971-05-01,,39.200,40.900,40.300,4002.6,1.95,45.600
1971-06-01,,39.400,41.100,40.500,4087.3,1.95,45.800
1971-07-01,,39.500,41.100,40.600,4029.1,1.97,46.200
1971-08-01,,39.700,41.100,40.700,4043.3,1.97,46.000
1971-09-01,,39.800,41.100,40.800,4067.3,1.98,45.700
1971-10-01,,39.900,41.200,40.900,4080.4,1.99,45.400
1971-11-01,,40.000,41.300,41.000,4090.0,2.00,45.500
1971-12-01,,40.100,41.900,41.100,4110.9,2.02,46.100
1972-01-01,,40.200,41.700,41.200,4090.1,2.03,46.600
1972-02-01,,40.300,42.300,41.400,4115.2,2.04,47.300
1972-03-01,,40.500,42.300,41.400,4132.3,2.05,47.200
1972-04-01,,40.700,42.200,41.500,4130.6,2.06,46.800
1972-05-01,,40.800,42.300,41.600,4160.9,2.06,47.200
1972-06-01,,40.900,42.400,41.700,4174.2,2.07,47.600
1972-07-01,,41.000,42.600,41.800,4204.5,2.08,48.300
1972-08-01,,41.200,42.700,41.900,4243.5,2.09,48.100
1972-09-01,,41.300,43.100,42.100,4260.0,2.10,48.500
1972-10-01,,41.400,43.400,42.200,4366.9,2.12,48.500
1972-11-01,,41.600,43.700,42.400,4415.4,2.13,48.900
1972-12-01,,41.800,43.900,42.500,4435.1,2.14,51.500
1973-01-01,,41.900,44.800,42.700,4411.9,2.13,52.600
1973-02-01,,42.200,45.600,43.000,4444.7,2.15,54.500
1973-03-01,,42.500,47.000,43.400,4461.0,2.16,56.200
1973-04-01,,42.800,47.800,43.700,4466.7,2.18,55.600
1973-05-01,,43.400,48.500,43.900,4475.0,2.18,57.700
1973-06-01,,43.800,49.100,44.200,4488.3,2.19,60.300
1973-07-01,,44.000,49.100,44.200,4499.0,2.21,58.300
1973-08-01,,44.500,52.600,45.000,4484.4,2.22,66.100
1973-09-01,,45.300,52.300,45.200,4507.3,2.25,62.200
1973-10-01,,46.100,52.400,45.600,4546.9,2.25,60.900
1973-11-01,,46.700,53.100,45.900,4554.1,2.26,60.400
1973-12-01,,47.100,53.600,46.300,4537.2,2.27,61.900
1974-01-01,,47.400,54.300,46.800,4504.1,2.29,64.400
1974-02-01,,47.800,55.800,47.300,4470.2,2.29,65.500
1974-03-01,,48.100,56.300,47.800,4438.2,2.32,64.800
1974-04-01,,48.700,56.000,48.100,4435.1,2.34,63.300
1974-05-01,,49.100,56.500,48.600,4430.6,2.39,63.200
1974-06-01,,49.600,56.300,49.000,4421.7,2.41,62.600
1974-07-01,,50.100,55.900,49.300,4438.7,2.41,66.600
1974-08-01,,50.600,56.700,49.900,4432.6,2.45,71.400
1974-09-01,,50.900,58.100,50.600,4428.0,2.46,70.300
1974-10-01,,51.400,58.800,51.000,4442.6,2.48,73.000
1974-11-01,,51.800,59.500,51.500,4419.0,2.49,75.400
1974-12-01,,52.400,60.200,51.900,4419.7,2.50,74.800
1975-01-01,,53.000,60.400,52.300,4417.4,2.50,74.100
1975-02-01,,53.300,60.400,52.600,4420.1,2.52,72.600
1975-03-01,,53.500,60.300,52.800,4424.1,2.54,70.500
1975-04-01,,53.700,60.100,53.000,4505.1,2.54,71.400
1975-05-01,,53.800,60.300,53.100,4765.1,2.56,71.200
1975-06-01,,54.000,61.100,53.500,4604.9,2.58,71.500
1975-07-01,,54.300,62.500,54.000,4533.9,2.59,73.400
1975-08-01,,54.700,62.300,54.200,4564.1,2.60,74.100
1975-09-01,,55.200,62.700,54.600,4575.2,2.61,74.000
1975-10-01,,55.700,63.300,54.900,4594.3,2.63,74.000
1975-11-01,,56.200,63.700,55.300,4590.9,2.66,72.600
1975-12-01,,56.500,64.100,55.600,4595.3,2.67,72.000
1976-01-01,,56.800,63.700,55.800,4625.1,2.69,71.300
1976-02-01,,56.900,63.000,55.900,4653.7,2.70,70.200
1976-03-01,,57.100,62.400,56.000,4667.6,2.71,69.900
1976-04-01,,57.300,62.400,56.100,4673.7,2.72,70.800
1976-05-01,,57.500,62.600,56.400,4673.8,2.74,71.500
1976-06-01,,57.800,62.700,56.700,4678.3,2.77,72.300
1976-07-01,,58.200,62.900,57.000,4705.1,2.77,72.600
1976-08-01,,58.500,63.100,57.300,4714.6,2.81,70.300
1976-09-01,,59.000,63.400,57.600,4715.6,2.84,70.500
1976-10-01,,59.300,63.700,57.900,4707.4,2.87,69.600
1976-11-01,,59.600,63.500,58.100,4749.8,2.89,69.500
1976-12-01,,60.000,63.500,58.400,4767.9,2.91,71.200
1977-01-01,,60.200,63.800,58.700,4758.3,2.92,71.300
1977-02-01,,60.400,65.300,59.300,4716.2,2.94,72.300
1977-03-01,,60.800,65.700,59.600,4782.4,2.97,73.100
1977-04-01,,61.500,66.500,60.000,4789.7,2.98,75.000
1977-05-01,,62.100,66.600,60.200,4790.6,3.00,76.300
1977-06-01,,62.500,67.100,60.500,4810.5,3.01,75.600
1977-07-01,,62.900,67.200,60.800,4841.6,3.03,74.400
1977-08-01,,63.400,67.400,61.100,4861.2,3.06,73.500
1977-09-01,,63.700,67.600,61.300,4887.8,3.08,73.300
1977-10-01,,64.100,67.700,61.600,4923.4,3.10,73.300
1977-11-01,,64.500,68.400,62.000,4962.7,3.13,74.300
1977-12-01,,64.800,68.500,62.300,4983.5,3.15,75.300
1978-01-01,,65.100,69.200,62.700,4962.0,3.20,76.200
1978-02-01,,65.700,70.000,63.000,4991.5,3.22,77.500
1978-03-01,,66.200,71.000,63.400,5033.0,3.25,78.300
1978-04-01,,66.700,72.400,63.900,5050.5,3.28,79.600
1978-05-01,,67.300,73.700,64.500,5047.2,3.29,80.500
1978-06-01,,68.000,74.900,65.000,5047.5,3.32,81.400
1978-07-01,,68.600,75.100,65.500,5072.8,3.35,81.200
1978-08-01,,69.300,75.100,65.900,5094.2,3.36,80.200
1978-09-01,,69.800,75.400,66.500,5095.8,3.39,81.700
1978-10-01,,70.300,76.000,67.100,5109.5,3.42,83.100
1978-11-01,,70.900,76.500,67.500,5114.1,3.44,82.800
1978-12-01,,71.400,76.900,67.900,5139.6,3.47,84.200
1979-01-01,,72.000,78.500,68.500,5164.0,3.52,85.600
1979-02-01,,72.800,80.000,69.200,5184.7,3.54,87.100
1979-03-01,,73.600,80.600,69.900,5198.5,3.55,87.700
1979-04-01,,74.300,81.100,70.600,5156.1,3.58,88.400
1979-05-01,,75.200,81.800,71.400,5132.2,3.59,88.300
1979-06-01,,75.800,82.000,72.200,5118.9,3.61,87.700
1979-07-01,,76.400,82.300,73.000,5156.2,3.64,88.800
1979-08-01,,77.000,81.900,73.700,5163.7,3.67,87.700
1979-09-01,,77.400,82.500,74.400,5159.3,3.70,89.800
1979-10-01,,78.200,83.000,75.200,5156.6,3.70,89.400
1979-11-01,,78.800,83.500,76.000,5171.2,3.73,90.300
1979-12-01,,79.500,84.300,76.900,5182.2,3.77,91.200
1980-01-01,,80.200,84.800,78.000,5218.8,3.81,90.900
1980-02-01,,80.700,84.700,79.000,5191.3,3.83,92.700
1980-03-01,,81.400,85.400,80.100,5159.0,3.87,92.100
1980-04-01,,81.900,85.900,80.900,5153.4,3.88,90.900
1980-05-01,,82.500,86.400,81.700,5134.3,3.93,92.700
1980-06-01,,83.200,86.800,82.500,5145.1,3.97,93.000
1980-07-01,,83.600,87.900,82.600,5189.8,4.01,96.100
1980-08-01,,84.200,89.800,83.200,5194.8,4.04,99.200
1980-09-01,,84.900,91.000,83.900,5216.6,4.06,99.300
1980-10-01,,85.500,91.700,84.700,5257.1,4.09,101.800
1980-11-01,,86.300,92.800,85.600,5264.5,4.14,102.300
1980-12-01,,87.100,93.300,86.400,5288.4,4.16,100.000
1981-01-01,,87.800,93.400,87.200,5267.1,4.20,100.700
1981-02-01,,88.900,93.600,88.000,5250.2,4.24,99.500
1981-03-01,,89.200,94.100,88.600,5264.4,4.27,98.800
1981-04-01,,89.800,94.100,89.100,5249.0,4.30,98.400
1981-05-01,,90.300,93.900,89.700,5258.8,4.32,98.700
1981-06-01,,90.800,94.300,90.500,5287.2,4.34,99.400
1981-07-01,,91.300,95.100,91.500,5370.5,4.36,100.300
1981-08-01,,91.800,95.600,92.200,5386.1,4.41,99.900
1981-09-01,,92.200,96.000,93.100,5376.3,4.48,99.000
1981-10-01,,92.700,96.000,93.400,5382.3,4.44,98.000
1981-11-01,,93.100,96.000,93.800,5385.0,4.47,97.200
1981-12-01,,93.300,96.200,94.100,5377.6,4.48,96.900
1982-01-01,,93.700,96.400,94.400,5384.7,4.51,98.200
1982-02-01,,94.000,97.400,94.700,5399.5,4.51,98.700
1982-03-01,,94.400,97.000,94.700,5398.9,4.53,98.700
1982-04-01,,94.700,97.100,95.000,5452.7,4.56,99.800
1982-05-01,,95.100,98.100,95.900,5430.3,4.60,101.200
1982-06-01,,95.600,99.300,97.000,5400.9,4.62,101.700
1982-07-01,,96.100,99.200,97.500,5450.4,4.65,101.200
1982-08-01,,96.500,98.600,97.700,5459.3,4.69,100.800
1982-09-01,,96.900,98.700,97.700,5457.7,4.69,100.800
1982-10-01,,97.200,98.600,98.100,5452.2,4.71,99.700
1982-11-01,,97.500,98.500,98.000,5474.3,4.73,99.500
1982-12-01,,97.900,98.200,97.700,5500.9,4.74,99.600
1983-01-01,,98.300,97.900,97.900,5520.0,4.77,100.100
1983-02-01,,98.500,98.000,98.000,5522.6,4.80,101.300
1983-03-01,,98.900,98.700,98.100,5549.2,4.82,101.200
1983-04-01,,99.400,99.000,98.800,5561.3,4.84,101.800
1983-05-01,,99.600,99.400,99.200,5572.5,4.87,101.800
1983-06-01,,99.800,99.400,99.400,5576.8,4.89,101.100
1983-07-01,,99.900,99.300,99.800,5647.0,4.91,101.200
1983-08-01,,100.300,99.200,100.100,5635.9,4.92,101.600
1983-09-01,,100.700,99.600,100.400,5676.2,4.92,103.200
1983-10-01,,101.200,99.700,100.800,5726.4,4.95,102.500
1983-11-01,,101.500,99.600,101.100,5775.0,4.94,102.500
1983-12-01,,101.700,100.000,101.400,5825.9,4.95,103.000
1984-01-01,,102.300,101.700,102.100,5851.3,4.95,104.900
1984-02-01,,102.700,102.500,102.600,5884.8,4.95,104.700
1984-03-01,,103.100,102.700,102.900,5922.6,4.97,106.200
1984-04-01,,103.400,102.500,103.300,5962.5,4.99,106.300
1984-05-01,,103.900,102.000,103.500,5971.0,4.97,106.400
1984-06-01,,104.100,102.500,103.700,6010.3,4.99,105.300
1984-07-01,,104.500,102.600,104.100,6017.6,5.01,106.300
1984-08-01,,104.900,103.300,104.400,6058.5,5.00,105.300
1984-09-01,,104.900,103.100,104.700,6101.7,5.00,104.800
1984-10-01,,105.200,103.300,105.100,6079.2,5.00,104.400
1984-11-01,,105.500,103.400,105.300,6105.7,5.03,104.900
1984-12-01,,106.000,103.700,105.500,6143.3,5.04,105.200
1985-01-01,,106.200,103.800,105.700,6141.6,5.02,105.100
1985-02-01,,106.700,104.300,106.300,6085.2,5.05,104.900
1985-03-01,,107.100,104.600,106.800,6057.8,5.05,104.300
1985-04-01,,107.500,104.200,107.000,6159.5,5.06,103.800
1985-05-01,,107.900,103.800,107.200,6310.8,5.08,103.400
1985-06-01,,108.400,104.000,107.500,6178.9,5.10,102.900
1985-07-01,,108.500,104.000,107.700,6192.8,5.10,103.300
1985-08-01,,108.900,103.800,107.900,6189.0,5.11,102.300
1985-09-01,,109.400,104.000,108.100,6216.2,5.13,101.500
1985-10-01,,109.500,103.900,108.500,6247.8,5.13,102.500
1985-11-01,,109.800,104.800,109.000,6258.1,5.13,103.900
1985-12-01,,110.000,105.900,109.500,6296.4,5.17,104.500
1986-01-01,,110.400,105.900,109.900,6308.5,5.17,104.700
1986-02-01,,110.700,105.600,109.700,6341.7,5.18,104.000
1986-03-01,,111.100,105.700,109.100,6406.5,5.20,103.700
1986-04-01,,111.600,105.800,108.700,6430.4,5.17,103.300
1986-05-01,,112.100,106.200,109.000,6435.8,5.18,104.300
1986-06-01,,112.600,106.100,109.400,6429.8,5.19,104.700
1986-07-01,,112.800,107.200,109.500,6461.8,5.18,106.100
1986-08-01,,113.100,108.500,109.600,6469.4,5.19,107.200
1986-09-01,,113.500,108.400,110.000,6472.9,5.21,107.000
1986-10-01,,113.800,108.800,110.200,6466.0,5.22,106.700
1986-11-01,,114.300,109.400,110.400,6466.7,5.23,106.500
1986-12-01,,114.700,109.700,110.800,6473.8,5.23,106.700
1987-01-01,,115.200,110.200,111.400,6494.2,5.22,106.100
1987-02-01,,115.500,110.600,111.800,6525.0,5.23,106.400
1987-03-01,,115.900,110.700,112.200,6530.5,5.25,105.900
1987-04-01,,116.100,110.900,112.700,6282.3,5.26,107.200
1987-05-01,,116.400,111.700,113.000,6537.0,5.28,109.100
1987-06-01,,116.800,112.500,113.500,6527.6,5.28,109.000
1987-07-01,,117.200,112.100,113.800,6545.8,5.30,109.000
1987-08-01,,117.500,112.300,114.300,6574.0,5.33,108.200
1987-09-01,,118.000,112.600,114.700,6575.3,5.35,108.900
1987-10-01,,118.300,112.800,115.000,6619.6,5.35,108.700
1987-11-01,,118.600,112.700,115.400,6648.1,5.36,108.100
1987-12-01,,118.900,113.400,115.600,6711.5,5.37,108.200
1988-01-01,,119.300,113.900,116.000,6730.2,5.40,109.300
1988-02-01,,119.700,113.700,116.200,6773.5,5.40,109.100
1988-03-01,,120.200,113.700,116.500,6804.3,5.41,109.600
1988-04-01,,120.700,114.400,117.200,6830.1,5.45,110.100
1988-05-01,,121.000,114.900,117.500,6841.7,5.49,111.200
1988-06-01,,121.500,115.700,118.000,6868.5,5.49,113.500
1988-07-01,,122.100,117.300,118.500,6898.2,5.52,115.000
1988-08-01,,122.500,118.100,119.000,6918.4,5.52,114.500
1988-09-01,,123.000,118.900,119.500,6932.4,5.55,115.400
1988-10-01,,123.400,119.100,119.900,6969.9,5.57,115.000
1988-11-01,,123.700,119.200,120.300,6971.9,5.61,114.800
1988-12-01,,124.100,119.800,120.700,7005.2,5.62,115.000
1989-01-01,,124.800,120.300,121.200,7033.4,5.65,116.600
1989-02-01,,125.300,121.300,121.600,7052.7,5.67,116.600
1989-03-01,,125.700,122.300,122.200,7087.1,5.68,117.500
1989-04-01,,126.200,123.100,123.100,7050.0,5.73,117.200
1989-05-01,,126.700,124.100,123.700,7017.2,5.72,117.900
1989-06-01,,127.100,124.500,124.100,7036.7,5.74,117.400
1989-07-01,,127.700,124.900,124.500,7061.3,5.78,118.100
1989-08-01,,128.000,125.200,124.500,7080.0,5.79,117.900
1989-09-01,,128.700,125.400,124.800,7101.4,5.80,117.900
1989-10-01,,129.100,126.000,125.400,7136.8,5.83,117.900
1989-11-01,,129.500,126.600,125.900,7144.0,5.84,118.900
1989-12-01,,129.900,127.100,126.300,7144.7,5.88,119.300
1990-01-01,,130.400,129.800,127.500,7187.4,5.89,120.200
1990-02-01,,131.100,131.300,128.000,7203.3,5.91,120.000
1990-03-01,,131.800,131.100,128.600,7206.1,5.94,120.900
1990-04-01,,132.400,130.500,128.900,7253.4,5.99,121.200
1990-05-01,,133.000,130.600,129.100,7245.8,6.02,123.500
1990-06-01,,133.400,131.900,129.900,7257.3,6.04,122.800
1990-07-01,,133.800,132.800,130.500,7283.7,6.06,123.200
1990-08-01,,134.200,133.200,131.600,7239.1,6.07,123.000
1990-09-01,,134.500,133.600,132.500,7236.8,6.07,122.400
1990-10-01,,135.000,134.200,133.400,7178.7,6.08,122.200
1990-11-01,,135.400,134.600,133.700,7181.9,6.10,121.700
1990-12-01,,135.800,134.400,134.200,7224.7,6.11,121.700
1991-01-01,,136.000,135.000,134.700,7205.7,6.12,122.100
1991-02-01,,136.300,135.000,134.800,7216.8,6.13,122.300
1991-03-01,,136.500,135.200,134.800,7229.1,6.14,122.600
1991-04-01,,137.000,136.200,135.100,7258.0,6.22,122.500
1991-05-01,,137.500,136.700,135.600,7259.5,6.23,122.300
1991-06-01,,137.800,137.700,136.000,7296.7,6.23,121.900
1991-07-01,,138.300,136.300,136.200,7282.0,6.23,121.600
1991-08-01,,138.600,135.300,136.600,7298.3,6.24,121.400
1991-09-01,,138.900,135.400,137.000,7317.7,6.26,121.100
1991-10-01,,139.100,135.000,137.200,7328.0,6.26,121.900
1991-11-01,,139.300,135.800,137.800,7338.4,6.28,121.400
1991-12-01,,139.600,136.000,138.200,7403.6,6.30,121.400
1992-01-01,16758,139.800,135.200,138.300,7474.8,6.31,121.300
1992-02-01,16605,140.000,136.000,138.600,7507.2,6.32,121.700
1992-03-01,16527,140.100,136.600,139.100,7513.8,6.33,121.800
1992-04-01,16262,140.200,136.400,139.400,7535.0,6.34,122.000
1992-05-01,16232,140.400,135.900,139.700,7570.2,6.33,122.500
1992-06-01,15932,140.600,136.300,140.100,7601.6,6.35,123.000
1992-07-01,16112,140.700,136.100,140.500,7595.9,6.38,122.400
1992-08-01,16342,140.900,137.400,140.800,7622.6,6.39,122.100
1992-09-01,16429,141.200,138.200,141.100,7586.9,6.40,122.100
1992-10-01,16717,141.300,138.100,141.700,7537.9,6.41,121.800
1992-11-01,16993,141.500,137.700,142.100,7549.3,6.42,121.600
1992-12-01,17113,141.600,137.700,142.300,7818.6,6.42,122.400
1993-01-01,17171,142.000,138.100,142.800,7648.1,6.45,122.700
1993-02-01,17098,142.200,138.600,143.100,7684.5,6.47,122.700
1993-03-01,17157,142.400,138.500,143.300,7660.8,6.47,122.900
1993-04-01,17382,142.700,139.000,143.800,7700.6,6.46,123.700
1993-05-01,17423,142.900,140.500,144.200,7689.4,6.47,124.200
1993-06-01,17665,143.200,139.700,144.300,7675.1,6.46,124.000
1993-07-01,17555,143.400,139.600,144.500,7694.3,6.46,124.300
1993-08-01,17808,143.600,140.300,144.800,7705.4,6.47,124.300
1993-09-01,18073,143.800,140.600,145.000,7684.4,6.48,124.300
1993-10-01,17815,144.000,141.400,145.600,7646.9,6.50,124.500
1993-11-01,17754,144.200,141.800,146.000,7668.1,6.54,124.800
1993-12-01,17819,144.300,142.500,146.300,7929.4,6.54,125.400
1994-01-01,17246,144.500,142.700,146.300,7780.4,6.55,126.000
1994-02-01,18026,144.600,142.300,146.700,7795.0,6.55,126.200
1994-03-01,18391,144.800,142.100,147.100,7820.5,6.56,126.800
1994-04-01,18161,145.100,142.300,147.200,7820.4,6.58,126.600
1994-05-01,18204,145.300,142.800,147.500,7910.6,6.60,126.100
1994-06-01,18463,145.500,143.400,147.900,7898.1,6.63,125.400
1994-07-01,18548,145.600,144.600,148.400,7905.0,6.63,124.900
1994-08-01,18439,145.900,145.300,149.000,7914.4,6.64,125.200
1994-09-01,18567,146.200,145.400,149.300,7949.0,6.66,125.000
1994-10-01,18605,146.400,145.300,149.400,8024.4,6.67,124.500
1994-11-01,18664,146.800,145.500,149.800,8023.9,6.67,124.700
1994-12-01,18771,147.100,147.300,150.100,8060.2,6.74,124.300
1995-01-01,18772,147.400,147.000,150.500,8086.0,6.68,125.200
1995-02-01,18508,147.600,147.700,150.900,8102.0,6.72,125.900
1995-03-01,18803,148.100,147.100,151.200,8124.2,6.74,126.200
1995-04-01,18957,148.300,148.700,151.800,8064.0,6.75,125.600
1995-05-01,19040,148.600,148.700,152.100,8145.6,6.79,125.000
1995-06-01,19001,148.800,148.700,152.400,8169.8,6.79,125.300
1995-07-01,19091,149.100,148.800,152.600,8187.8,6.82,126.700
1995-08-01,19291,149.400,148.800,152.900,8193.0,6.82,127.500
1995-09-01,19263,149.600,149.500,153.100,8219.4,6.83,127.800
1995-10-01,19186,150.000,149.900,153.500,8228.4,6.82,128.900
1995-11-01,19218,150.200,149.800,153.700,8250.5,6.84,130.000
1995-12-01,19191,150.400,150.300,153.900,8261.3,6.85,130.200
1996-01-01,19157,150.600,150.900,154.700,8272.1,6.86,130.000
1996-02-01,19299,150.900,151.300,155.000,8335.8,6.87,130.300
1996-03-01,19413,151.200,152.200,155.500,8362.4,6.88,130.300
1996-04-01,19516,151.600,152.900,156.100,8311.8,6.91,130.900
1996-05-01,19613,152.000,152.500,156.400,8416.8,6.93,132.700
1996-06-01,19514,152.300,153.900,156.700,8467.1,6.97,134.000
1996-07-01,19714,152.800,154.400,157.000,8444.0,7.00,134.800
1996-08-01,19707,153.100,155.000,157.200,8464.7,7.02,136.100
1996-09-01,19930,153.500,155.900,157.700,8483.9,7.04,136.000
1996-10-01,20106,154.200,156.900,158.200,8482.7,7.11,136.000
1996-11-01,20307,154.700,157.600,158.700,8505.1,7.12,134.700
1996-12-01,20372,155.000,157.700,159.100,8533.1,7.15,134.200
1997-01-01,20677,155.300,156.900,159.400,8556.4,7.17,133.400
1997-02-01,20696,155.600,157.700,159.700,8579.2,7.19,132.900
1997-03-01,20837,156.000,157.600,159.800,8619.0,7.22,134.500
1997-04-01,20713,156.200,157.300,159.900,8624.5,7.23,134.500
1997-05-01,20834,156.300,157.500,159.900,8661.9,7.26,135.400
1997-06-01,20922,156.600,157.700,160.200,8689.7,7.27,134.300
1997-07-01,21234,157.100,157.900,160.400,8723.1,7.29,133.900
1997-08-01,21228,157.400,158.600,160.800,8768.6,7.34,134.300
1997-09-01,21517,157.800,158.800,161.200,8791.5,7.44,134.100
1997-10-01,21245,158.200,159.000,161.500,8834.8,7.44,133.500
1997-11-01,20940,158.600,159.300,161.700,8892.2,7.49,133.700
1997-12-01,21399,159.000,159.300,161.800,8944.3,7.50,133.100
1998-01-01,21449,159.200,160.300,162.000,9022.9,7.52,131.300
1998-02-01,21539,159.600,160.000,162.000,9081.2,7.54,131.700
1998-03-01,21578,159.900,160.200,162.000,9134.4,7.58,130.900
1998-04-01,21726,160.200,160.200,162.200,9164.1,7.62,130.800
1998-05-01,21830,160.600,160.800,162.600,9202.0,7.62,131.500
1998-06-01,21985,160.700,160.500,162.800,9254.2,7.67,131.500
1998-07-01,21893,161.100,160.900,163.200,9270.0,7.69,131.900
1998-08-01,22055,161.500,161.400,163.400,9299.3,7.72,132.600
1998-09-01,22196,162.100,161.200,163.500,9325.5,7.74,132.100
1998-10-01,22380,162.300,162.500,163.900,9337.5,7.75,131.800
1998-11-01,22398,162.600,162.700,164.100,9374.6,7.76,132.000
1998-12-01,22744,163.000,162.800,164.400,9391.7,7.78,131.100
1999-01-01,22339,163.500,163.400,164.700,9444.1,7.82,131.900
1999-02-01,22577,163.800,163.800,164.700,9476.2,7.85,131.000
1999-03-01,22488,164.200,163.400,164.800,9484.1,7.86,130.800
1999-04-01,22791,164.500,163.600,165.900,9453.0,7.90,129.100
1999-05-01,22790,164.600,164.000,166.000,9469.3,7.91,130.300
1999-06-01,22855,164.600,163.900,166.000,9501.3,7.94,130.800
1999-07-01,22839,165.100,163.900,166.700,9519.0,7.97,130.500
1999-08-01,22942,165.600,164.100,167.100,9559.1,8.00,131.800
1999-09-01,23117,165.800,164.700,167.800,9546.7,8.01,132.500
1999-10-01,23562,166.200,165.100,168.100,9598.7,8.05,132.400
1999-11-01,23708,166.500,165.400,168.400,9660.9,8.08,131.800
1999-12-01,23722,166.800,165.500,168.800,9735.9,8.12,130.900
2000-01-01,24004,167.200,165.300,169.300,9799.9,8.11,131.000
2000-02-01,24145,167.600,166.100,170.000,9837.9,8.18,131.700
2000-03-01,24486,167.900,166.400,171.000,9864.0,8.22,132.100
2000-04-01,24515,168.100,166.600,170.900,9913.7,8.26,133.200
2000-05-01,24446,168.300,167.400,171.200,9954.5,8.28,134.300
2000-06-01,24524,168.600,167.500,172.200,9982.3,8.31,134.200
2000-07-01,24704,169.100,168.500,172.700,10035.9,8.34,134.100
2000-08-01,24567,169.500,169.000,172.700,10098.3,8.36,133.200
2000-09-01,25003,170.000,169.100,173.600,10110.3,8.41,132.900
2000-10-01,24940,170.300,169.000,173.900,10139.2,8.44,133.100
2000-11-01,25004,170.400,169.200,174.200,10143.5,8.47,133.100
2000-12-01,24494,170.800,170.200,174.600,10164.3,8.46,134.100
2001-01-01,25542,171.400,170.400,175.600,10211.7,8.45,134.800
2001-02-01,25338,171.800,171.600,176.000,10223.4,8.50,135.600
2001-03-01,25306,172.300,172.100,176.100,10254.4,8.53,136.300
2001-04-01,25297,172.700,172.500,176.400,10233.1,8.53,137.100
2001-05-01,25519,173.100,172.800,177.300,10214.7,8.55,137.800
2001-06-01,25638,173.600,173.500,177.700,10218.1,8.57,138.000
2001-07-01,25762,174.100,174.000,177.400,10370.7,8.57,138.500
2001-08-01,26069,174.700,174.400,177.400,10543.1,8.61,139.500
2001-09-01,25522,175.100,174.400,178.100,10452.8,8.61,139.300
2001-10-01,25770,175.600,175.100,177.600,10267.7,8.62,138.500
2001-11-01,25949,175.800,175.100,177.500,10279.7,8.63,136.700
2001-12-01,26423,176.000,174.700,177.400,10298.9,8.64,135.800
2002-01-01,26532,176.400,175.400,177.700,10514.7,8.68,135.700
2002-02-01,26590,177.000,175.700,178.000,10531.6,8.68,136.500
2002-03-01,26537,177.100,176.200,178.500,10539.0,8.71,136.400
2002-04-01,26604,177.200,176.700,179.300,10574.2,8.74,135.800
2002-05-01,26576,177.600,175.500,179.500,10616.5,8.77,135.300
2002-06-01,26774,178.200,175.200,179.600,10648.2,8.81,135.600
2002-07-01,26822,178.500,175.300,180.000,10621.0,8.84,136.200
2002-08-01,26834,178.800,175.100,180.500,10623.0,8.86,136.000
2002-09-01,26983,179.200,175.400,180.800,10633.6,8.86,136.300
2002-10-01,26809,179.600,175.000,181.200,10661.8,8.88,136.400
2002-11-01,27058,179.800,175.700,181.500,10690.9,8.91,136.500
2002-12-01,27440,180.100,175.900,181.800,10719.9,8.96,137.500
2003-01-01,27263,179.900,176.000,182.600,10710.4,8.94,139.200
2003-02-01,27165,180.700,177.200,183.600,10674.0,9.01,139.900
2003-03-01,27611,181.000,177.500,183.900,10696.5,8.96,140.100
2003-04-01,27678,181.100,177.600,183.200,10752.7,8.96,140.700
2003-05-01,28227,181.500,177.900,182.900,10832.0,8.99,141.400
2003-06-01,28340,181.900,179.200,183.100,10860.6,9.01,143.200
2003-07-01,28524,182.300,179.000,183.700,10991.1,9.03,142.700
2003-08-01,28980,182.600,180.000,184.500,11066.7,9.02,143.600
2003-09-01,28709,182.800,180.500,185.100,10940.8,9.03,145.200
2003-10-01,29145,183.300,181.400,184.900,10982.3,9.02,148.500
2003-11-01,29272,183.800,182.700,185.000,11048.4,9.03,148.200
2003-12-01,29152,184.300,183.900,185.500,11057.2,9.07,147.500
2004-01-01,29528,184.900,183.300,186.300,11051.2,9.08,146.400
2004-02-01,29555,185.500,183.700,186.700,11071.0,9.12,147.300
2004-03-01,29779,185.800,184.100,187.100,11115.6,9.12,149.400
2004-04-01,29733,186.200,184.300,187.400,11153.3,9.10,153.300
2004-05-01,29807,186.700,186.600,188.200,11208.9,9.10,156.100
2004-06-01,29986,187.000,187.000,188.900,11215.8,9.10,155.800
2004-07-01,30331,187.800,187.200,189.100,11240.5,9.14,153.300
2004-08-01,30186,188.400,187.000,189.200,11274.6,9.15,151.400
2004-09-01,30580,188.900,186.400,189.800,11279.6,9.18,150.400
2004-10-01,30776,189.400,187.700,190.800,11282.5,9.24,150.300
2004-11-01,30841,189.600,188.600,191.700,11246.1,9.26,150.100
2004-12-01,31271,189.900,188.400,191.700,11659.0,9.26,151.100
2005-01-01,31161,190.800,188.100,191.600,11226.5,9.28,151.800
2005-02-01,31598,191.400,187.700,192.400,11229.0,9.29,152.300
2005-03-01,31436,191.700,188.100,193.100,11268.8,9.30,153.400
2005-04-01,31971,192.100,190.000,193.700,11304.2,9.33,153.300
2005-05-01,31919,192.600,190.200,193.600,11352.7,9.34,154.300
2005-06-01,32136,193.200,189.600,193.700,11375.5,9.36,153.200
2005-07-01,32209,193.600,190.000,194.900,11387.1,9.38,153.000
2005-08-01,32389,194.200,189.800,196.100,11405.3,9.40,152.700
2005-09-01,32413,194.600,190.200,198.800,11365.2,9.46,153.100
2005-10-01,32764,195.200,190.600,199.100,11428.7,9.45,153.900
2005-11-01,33153,195.600,191.400,198.100,11500.1,9.46,153.200
2005-12-01,33172,196.000,191.700,198.100,11535.2,9.49,153.500
2006-01-01,34098,196.600,192.500,199.300,11651.8,9.45,153.600
2006-02-01,33581,197.200,192.200,199.400,11702.8,9.56,152.600
2006-03-01,33886,197.600,192.300,199.700,11747.5,9.60,152.600
2006-04-01,33978,198.000,191.800,200.700,11744.4,9.65,152.200
2006-05-01,33970,198.700,191.800,201.300,11736.8,9.70,152.500
2006-06-01,33817,199.200,192.400,201.800,11751.9,9.73,153.800
2006-07-01,33932,199.700,192.800,202.900,11746.9,9.76,154.400
2006-08-01,34483,200.200,193.400,203.800,11737.0,9.83,153.700
2006-09-01,34840,200.500,194.300,202.800,11800.1,9.83,154.600
2006-10-01,34890,201.100,194.800,201.900,11853.7,9.89,154.300
2006-11-01,34993,201.600,194.600,202.000,11901.9,9.95,155.500
2006-12-01,36055,202.200,194.400,203.100,11958.6,10.00,156.200
2007-01-01,35487,203.171,195.918,203.437,11956.6,10.09,158.200
2007-02-01,35111,203.909,197.735,204.226,11996.0,10.17,160.600
2007-03-01,35707,204.082,198.816,205.288,12035.1,10.21,162.400
2007-04-01,35684,204.725,199.250,205.904,12052.8,10.30,163.400
2007-05-01,35819,205.233,200.237,206.755,12059.9,10.33,164.800
2007-06-01,36158,205.934,201.151,207.234,12053.3,10.40,166.200
2007-07-01,36315,206.931,201.596,207.603,12066.4,10.47,166.200
2007-08-01,36232,207.756,202.338,207.667,12070.9,10.51,166.600
2007-09-01,36510,208.805,203.300,208.547,12089.6,10.55,167.500
2007-10-01,36778,209.275,204.081,209.190,12080.4,10.60,167.500
2007-11-01,36755,209.854,205.119,210.834,12070.1,10.63,168.000
2007-12-01,37310,210.233,205.503,211.445,12120.5,10.67,169.400
2008-01-01,36890,211.070,207.100,212.174,12137.1,10.69,172.700
2008-02-01,36257,211.878,207.854,212.687,12141.8,10.74,174.600
2008-03-01,36671,212.537,208.093,213.448,12145.9,10.75,176.900
2008-04-01,36779,213.083,210.897,213.942,12100.8,10.80,177.800
2008-05-01,37167,213.967,211.800,215.208,12696.2,10.82,180.800
2008-06-01,37162,215.015,213.331,217.463,12376.6,10.85,182.400
2008-07-01,37293,216.376,216.028,219.016,12188.7,10.87,187.000
2008-08-01,37315,217.063,217.449,218.690,12120.6,10.91,187.300
2008-09-01,37423,218.225,218.757,218.877,12149.0,10.92,185.900
2008-10-01,37169,219.290,219.532,216.995,12240.5,10.94,182.500
2008-11-01,37102,220.043,219.662,213.153,12345.9,10.90,180.000
2008-12-01,37196,220.684,219.163,211.398,12288.8,10.96,177.700
2009-01-01,37338,221.319,218.953,211.933,12361.5,10.99,176.800
2009-02-01,36947,221.968,217.930,212.705,12241.9,11.00,175.500
2009-03-01,36612,222.216,216.949,212.495,12242.7,11.00,174.400
2009-04-01,36793,222.905,215.807,212.709,12320.0,11.01,175.500
2009-05-01,36796,223.023,215.064,213.022,12500.1,10.99,177.400
2009-06-01,36769,223.163,214.953,214.790,12273.2,11.06,177.900
2009-07-01,36742,223.345,214.047,214.726,12218.7,11.09,176.200
2009-08-01,36715,223.675,213.769,215.445,12194.8,11.15,175.900
2009-09-01,36549,224.003,213.299,215.861,12230.6,11.25,175.800
2009-10-01,36528,224.224,213.472,216.509,12193.2,11.25,175.300
2009-11-01,36738,224.633,213.383,217.234,12224.4,11.32,176.000
2009-12-01,36777,224.789,213.839,217.347,12280.2,11.31,177.900
2010-01-01,36768,224.916,214.738,217.488,12285.8,11.30,178.900
2010-02-01,37270,225.081,214.728,217.281,12292.0,11.31,179.300
2010-03-01,37449,224.991,215.550,217.353,12340.3,11.31,179.500
2010-04-01,37726,225.276,215.721,217.403,12447.1,11.32,180.400
2010-05-01,37700,225.573,215.717,217.290,12540.3,11.33,182.800
2010-06-01,37928,225.797,215.476,217.199,12544.3,11.33,181.100
2010-07-01,38069,225.710,215.451,217.605,12554.2,11.32,181.200
2010-08-01,38427,226.422,215.361,217.923,12591.4,11.35,181.800
2010-09-01,38394,227.075,216.166,218.275,12589.9,11.29,183.900
2010-10-01,38516,227.287,216.534,219.035,12592.5,11.31,185.300
2010-11-01,38755,227.512,217.105,219.590,12605.1,11.31,186.400
2010-12-01,38558,227.722,217.419,220.472,12680.6,11.33,186.600
2011-01-01,38720,228.181,219.251,221.187,12740.1,11.35,187.900
2011-02-01,39426,228.606,220.732,221.898,12776.6,11.36,191.300
2011-03-01,39614,229.282,223.193,223.046,12742.7,11.39,194.500
2011-04-01,39631,230.082,224.098,224.093,12721.3,11.42,197.100
2011-05-01,40096,230.501,225.295,224.806,12705.3,11.50,197.300
2011-06-01,40479,231.097,225.857,224.806,12756.9,11.48,197.800
2011-07-01,40520,231.580,227.178,225.395,12805.6,11.49,199.400
2011-08-01,40697,232.513,228.492,226.106,12799.7,11.48,201.600
2011-09-01,41031,233.032,229.927,226.597,12781.7,11.50,202.400
2011-10-01,41149,233.459,229.992,226.750,12791.9,11.49,200.300
2011-11-01,41208,234.046,229.947,227.169,12782.7,11.52,200.600
2011-12-01,40892,234.435,230.424,227.223,12898.5,11.54,200.000
2012-01-01,41875,235.268,230.948,227.842,12967.5,11.57,200.700
2012-02-01,41965,235.603,230.612,228.329,13029.6,11.56,200.900
2012-03-01,41950,236.073,231.051,228.807,13066.4,11.60,201.600
2012-04-01,42351,236.695,231.397,229.187,13116.5,11.62,202.300
2012-05-01,42312,237.262,231.320,228.713,13112.5,11.62,202.800
2012-06-01,42562,237.839,231.713,228.524,13097.2,11.64,203.700
2012-07-01,42750,238.337,231.658,228.590,12999.8,11.64,205.000
2012-08-01,42742,239.057,231.853,229.918,12961.6,11.64,207.800
2012-09-01,43106,239.565,231.789,231.015,13053.1,11.63,209.300
2012-10-01,42747,239.742,232.398,231.638,13142.0,11.65,209.600
2012-11-01,43550,240.038,232.883,231.249,13315.7,11.68,209.800
2012-12-01,43574,240.359,233.374,231.221,13642.7,11.67,208.800
2013-01-01,44177,240.713,233.696,231.679,12845.5,11.67,207.500
2013-02-01,43891,240.930,233.526,232.937,12813.9,11.70,207.600
2013-03-01,44075,241.409,233.580,232.282,12852.1,11.73,208.000
2013-04-01,43732,242.236,233.776,231.797,12893.4,11.74,207.100
2013-05-01,43835,242.642,233.184,231.893,12954.2,11.75,208.700
2013-06-01,43740,243.016,233.809,232.445,12955.7,11.76,209.400
2013-07-01,44025,243.409,233.893,232.900,12941.8,11.78,210.600
2013-08-01,44148,243.811,234.073,233.456,12969.6,11.83,208.800
2013-09-01,44376,244.036,234.040,233.544,13027.5,11.84,209.400
2013-10-01,44955,244.350,234.219,233.669,12974.6,11.85,208.100
2013-11-01,45693,244.970,234.144,234.100,12998.9,11.85,207.200
2013-12-01,45313,245.300,234.318,234.719,13019.1,11.89,207.600
2014-01-01,44877,245.481,234.722,235.288,13079.5,11.91,209.300
2014-02-01,45401,246.187,235.781,235.547,13148.0,11.93,210.100
2014-03-01,45945,246.878,237.055,236.028,13219.9,11.95,212.900
2014-04-01,46114,247.534,237.942,236.468,13270.2,11.96,218.200
2014-05-01,46466,247.952,239.611,236.918,13312.9,12.01,217.800
2014-06-01,46687,248.445,239.682,237.231,13360.4,12.06,218.700
2014-07-01,47034,249.210,240.154,237.498,13386.8,12.11,219.900
2014-08-01,47362,249.801,240.692,237.460,13445.9,12.16,219.800
2014-09-01,47912,250.570,241.328,237.477,13486.3,12.20,220.200
2014-10-01,48580,251.100,241.620,237.430,13550.7,12.24,218.600
2014-11-01,48654,251.987,241.912,236.983,13624.4,12.27,217.000
2014-12-01,49428,252.628,242.893,236.252,13719.1,12.30,215.300
2015-01-01,49585,253.037,242.553,234.747,13797.7,12.31,213.000
2015-02-01,49525,253.719,242.598,235.342,13848.0,12.32,210.300
2015-03-01,49966,254.108,241.633,235.976,13811.3,12.34,209.200
2015-04-01,50577,254.727,241.106,236.222,13842.0,12.35,208.400
2015-05-01,50757,255.322,241.107,237.001,13865.6,12.37,210.500
2015-06-01,50803,255.846,241.922,237.657,13874.1,12.38,211.600
2015-07-01,51039,255.905,242.250,238.034,13905.7,12.41,211.000
2015-08-01,51279,256.449,242.864,238.033,13935.8,12.43,210.900
2015-09-01,51316,257.830,243.198,237.498,13972.2,12.46,209.000
2015-10-01,51677,258.363,243.284,237.733,13996.9,12.51,207.300
2015-11-01,51773,258.805,242.606,238.017,13993.4,12.55,205.500
2015-12-01,52598,259.097,241.880,237.761,14060.2,12.58,202.300
2016-01-01,51928,259.958,241.558,237.652,14121.1,12.67,201.900
2016-02-01,53033,260.319,241.741,237.336,14135.3,12.68,202.900
2016-03-01,52858,260.883,240.414,238.080,14135.4,12.72,202.700
2016-04-01,53142,261.517,240.341,238.992,14106.2,12.76,203.400
2016-05-01,53191,262.074,239.348,239.557,14095.5,12.77,204.400
2016-06-01,53177,262.529,238.763,240.222,14104.9,12.84,206.200
2016-07-01,53244,263.051,238.380,240.101,14160.1,12.92,205.800
2016-08-01,53653,263.649,238.133,240.545,14176.7,12.94,204.400
2016-09-01,54259,264.102,237.880,241.176,14209.1,12.96,204.300
2016-10-01,54210,264.459,237.714,241.741,14235.4,13.01,202.500
2016-11-01,55154,264.699,237.438,242.026,14273.6,13.05,200.900
2016-12-01,54191,265.104,237.147,242.637,14313.7,13.01,202.300
2017-01-01,56082,266.079,237.072,243.618,14373.7,13.13,202.600
2017-02-01,56129,266.626,237.824,244.006,14416.8,13.20,203.200
2017-03-01,56044,267.055,238.387,243.892,14476.3,13.26,204.700
2017-04-01,56142,267.652,238.568,244.193,14509.3,13.31,205.100
2017-05-01,56199,268.128,238.893,244.004,14610.7,13.37,206.400
2017-06-01,56117,268.225,238.494,244.163,14618.7,13.40,208.800
2017-07-01,56030,268.649,238.904,244.243,14660.2,13.41,207.700
2017-08-01,56414,269.522,238.804,245.183,14678.3,13.42,207.500
2017-09-01,56703,270.353,238.852,246.435,14706.0,13.45,205.800
2017-10-01,57108,270.658,239.020,246.626,14748.6,13.47,205.100
2017-11-01,57725,271.152,238.940,247.284,14771.1,13.51,204.300
2017-12-01,58041,271.811,239.371,247.805,14797.9,13.64,203.900
2018-01-01,58035,272.772,239.854,248.859,14886.6,13.61,204.500
2018-02-01,58224,273.435,239.187,249.529,14921.1,13.63,205.100
2018-03-01,58633,273.733,239.149,249.577,14974.8,13.68,207.400
2018-04-01,57761,274.393,239.541,250.227,15007.2,13.75,207.700
2018-05-01,59024,275.307,238.884,250.792,15057.8,13.79,208.600
2018-06-01,59569,275.808,239.048,251.018,15119.3,13.84,207.800
2018-07-01,60328,276.125,239.565,251.214,15184.7,13.89,206.500
2018-08-01,60555,276.648,239.795,251.663,15238.6,13.93,205.500
2018-09-01,59136,277.258,239.967,252.182,15237.5,13.98,204.900
2018-10-01,59539,277.513,239.558,252.772,15274.1,14.03,205.200
2018-11-01,59260,278.306,240.227,252.594,15315.2,14.12,204.800
2018-12-01,59160,279.419,241.137,252.767,15506.5,14.22,205.600
2019-01-01,59180,280.380,241.581,252.561,15536.3,14.25,206.200
2019-02-01,59521,281.373,242.111,253.319,15560.4,14.29,206.700
2019-03-01,59966,281.887,242.482,254.277,15566.5,14.30,207.500
2019-04-01,60375,282.798,241.219,255.233,15534.2,14.34,209.100
2019-05-01,60963,283.394,241.642,255.296,15532.4,14.42,209.600
2019-06-01,61763,284.316,241.214,255.213,15562.1,14.44,209.700
2019-07-01,62382,284.891,240.988,255.802,15581.4,14.48,209.500
2019-08-01,62517,285.507,240.943,256.036,15664.3,14.54,209.500
2019-09-01,63008,286.246,241.409,256.430,15697.5,14.62,209.900
2019-10-01,63294,286.791,241.999,257.155,15718.1,14.67,209.700
2019-11-01,63287,287.255,242.726,257.879,15766.9,14.79,211.100
2019-12-01,64249,288.078,242.887,258.630,15683.8,14.81,211.100
2020-01-01,65252,289.137,243.511,259.127,15842.8,14.90,210.700
2020-02-01,65192,289.781,244.200,259.250,15900.3,14.97,209.400
2020-03-01,45810,290.216,245.017,258.076,15702.3,14.64,209.300
2020-04-01,29776,290.639,251.063,256.032,18015.3,14.65,210.000
2020-05-01,38993,291.709,253.230,255.802,17110.0,14.56,224.100
2020-06-01,50002,293.219,254.674,257.042,17050.2,14.52,212.700
2020-07-01,52140,294.599,252.003,258.352,17202.9,14.52,210.200
2020-08-01,54417,295.437,252.148,259.316,16542.0,14.68,209.600
2020-09-01,55854,297.080,251.166,259.997,16633.7,14.79,210.000
2020-10-01,55630,297.893,251.641,260.319,16573.6,14.76,211.800
2020-11-01,53255,298.253,251.365,260.911,16381.8,14.69,213.800
2020-12-01,50277,299.369,252.536,262.045,16397.7,14.70,212.800
2021-01-01,55014,300.382,252.541,262.687,18207.3,14.85,213.400
2021-02-01,53506,300.540,252.822,263.579,16695.6,15.06,217.100
2021-03-01,60811,300.897,252.933,264.961,20510.3,15.21,219.800
2021-04-01,63378,301.819,254.125,266.614,17406.3,15.60,225.200
2021-05-01,65084,303.481,255.043,268.383,16916.5,15.75,231.100
2021-06-01,68017,305.634,257.058,270.654,16839.3,16.14,235.600
2021-07-01,69445,308.023,258.491,271.903,16968.0,16.39,232.370
2021-08-01,69255,309.336,259.613,272.676,16950.2,16.57,236.411
2021-09-01,69270,310.996,262.459,273.910,16772.1,16.76,239.343
2021-10-01,69375,313.592,265.084,276.550,16775.8,16.96,237.612
2021-11-01,70058,315.481,267.473,278.919,16727.1,17.01,237.801
2021-12-01,69105,317.372,268.985,280.845,16647.1,17.12,237.908
2022-01-01,67818,319.471,271.176,282.543,16235.8,17.06,241.889
2022-02-01,70713,320.880,274.728,284.500,16227.2,17.26,246.227
2022-03-01,72679,321.689,278.333,287.674,16140.3,17.47,250.367
2022-04-01,75135,323.559,281.593,288.561,16146.3,17.63,256.578
2022-05-01,75804,325.952,285.522,291.298,16123.3,17.71,259.935
2022-06-01,76164,329.033,288.568,294.957,16081.5,17.79,261.688
2022-07-01,75711,331.342,292.455,294.913,16264.8,17.90,261.656
2022-08-01,77315,334.212,294.884,295.097,16370.1,18.03,262.307
2022-09-01,77129,337.369,296.403,296.349,16432.6,18.11,262.053
2022-10-01,77788,340.532,297.966,298.007,16480.2,18.19,260.317
2022-11-01,76944,342.266,299.449,298.786,16511.2,18.25,262.159
2022-12-01,76259,343.559,300.576,298.832,16590.5,18.33,260.136
2023-01-01,81068,345.677,301.676,300.420,16911.9,18.30,262.314
2023-02-01,78417,347.869,302.444,301.450,17003.9,18.31,259.661
2023-03-01,78269,349.944,301.467,301.821,17092.8,18.42,261.284
2023-04-01,78022,351.237,301.811,302.845,17149.6,18.48,260.061
2023-05-01,78552,352.892,302.184,303.334,17216.3,18.62,260.651
2023-06-01,78979,354.245,302.057,304.014,17256.7,18.75,259.859
2023-07-01,79404,354.862,302.984,304.609,17305.2,18.84,259.429
2023-08-01,79322,356.083,303.631,306.082,17348.5,18.88,260.617
2023-09-01,79889,357.488,303.449,307.276,17369.5,18.91,261.778
2023-10-01,79946,358.824,304.366,307.696,17435.9,19.08,261.355
2023-11-01,80776,360.383,304.332,308.148,17524.8,19.21,259.459
2023-12-01,81113,361.564,304.505,308.741,17589.4,19.20,259.991
2024-01-01,80969,363.249,305.187,309.698,17679.6,19.20,258.563
2024-02-01,81251,363.596,305.432,310.967,17681.0,19.27,259.800
2024-03-01,80732,364.546,305.010,312.345,17699.2,19.32,261.938
2024-04-01,80933,365.813,305.354,313.023,17747.2,19.41,262.992
2024-05-01,81010,367.099,305.414,313.175,17820.5,19.46,263.673
2024-06-01,81011,368.616,305.582,313.044,17869.8,19.53,265.221
2024-07-01,81496,369.383,306.285,313.569,17862.8,19.57,266.343
2024-08-01,81524,370.348,306.399,314.062,17865.2,19.62,265.932
2024-09-01,82588,371.604,307.258,314.732,17875.4,19.66,267.145
2024-10-01,83405,372.486,307.867,315.631,17914.4,19.66,266.221
2024-11-01,83567,373.530,309.093,316.528,17955.4,19.74,267.888
2024-12-01,83697,374.644,309.767,317.604,17963.9,19.83,267.755
2025-01-01,84160,375.532,310.817,318.961,17955.6,19.91,268.831
2025-02-01,83158,376.991,310.955,319.679,17957.4,19.97,270.797
2025-03-01,85761,378.363,312.154,319.785,18073.0,20.00,270.878
2025-04-01,86400,380.039,311.440,320.302,18190.1,20.04,271.936
2025-05-01,85893,381.228,312.296,320.620,18072.0,20.08,273.336
2025-06-01,86401,382.750,312.982,321.435,18088.6,20.13,274.942
2025-07-01,86205,383.808,313.035,322.169,18144.4,20.19,275.335
2025-08-01,86755,384.909,314.647,323.291,18174.0,20.27,277.133
2025-09-01,87014,385.451,315.540,324.245,18192.7,20.34,279.089
2025-10-01,86890,,,,18168.4,20.45,275.226
2025-11-01,87424,387.202,315.000,325.063,18201.5,20.61,274.436
2025-12-01,87142,389.889,316.982,326.031,18208.6,20.67,273.059
2026-01-01,86989,390.471,317.589,326.588,18322.5,20.72,273.433
2026-02-01,87586,391.706,318.985,327.460,18284.8,20.81,273.987
2026-03-01,87793,392.652,318.462,330.293,18301.6,20.85,275.482
2026-04-01,88700,393.546,320.633,332.407,18231.9,20.92,277.749
2026-05-01,89532,394.728,320.836,333.979,18292.8,21.04,278.467
2026-06-01,90105,395.633,321.446,332.568,18358.4,21.07,279.518
2026-07-01,90507,396.859,321.216,332.813,18415.4,21.11,278.303
2026-08-01,91416,397.868,321.335,334.131,18410.5,21.24,277.528
2026-09-01,,,,,,21.34,
